[debug] [2026-08-15T17:33:12.926Z] ----------------------------------------------------------------------
[debug] [2026-08-15T17:33:12.935Z] Command:       C:\nvm4w\nodejs\node.exe C:\Users\Administrator\AppData\Local\npm-cache\_npx\ba4f1959e38407b5\node_modules\firebase-tools\lib\bin\firebase.js projects:list
[debug] [2026-08-15T17:33:12.937Z] CLI Version:   15.27.0
[debug] [2026-08-15T17:33:12.937Z] Platform:      win32
[debug] [2026-08-15T17:33:12.938Z] Node Version:  v23.7.0
[debug] [2026-08-15T17:33:12.939Z] Detected Agent: antigravity
[debug] [2026-08-15T17:33:12.939Z] Time:          Sat Aug 15 2026 21:33:12 GMT+0400 (Azerbaijan Standard Time)
[debug] [2026-08-15T17:33:12.940Z] ----------------------------------------------------------------------
[debug] 
[debug] [2026-08-15T17:33:12.991Z] >>> [apiv2][query] GET https://firebase-public.firebaseio.com/cli.json [none]
[debug] [2026-08-15T17:33:13.152Z] > command requires scopes: ["email","openid","https://www.googleapis.com/auth/cloudplatformprojects.readonly","https://www.googleapis.com/auth/firebase","https://www.googleapis.com/auth/cloud-platform"]
[debug] [2026-08-15T17:33:13.207Z] Error: Could not load the default credentials. Browse to https://cloud.google.com/docs/authentication/getting-started for more information.
    at GoogleAuth.getApplicationDefaultAsync (C:\Users\Administrator\AppData\Local\npm-cache\_npx\ba4f1959e38407b5\node_modules\google-auth-library\build\src\auth\googleauth.js:287:15)
    at process.processTicksAndRejections (node:internal/process/task_queues:105:5)
    at async GoogleAuth._GoogleAuth_determineClient (C:\Users\Administrator\AppData\Local\npm-cache\_npx\ba4f1959e38407b5\node_modules\google-auth-library\build\src\auth\googleauth.js:834:32)
    at async GoogleAuth.getClient (C:\Users\Administrator\AppData\Local\npm-cache\_npx\ba4f1959e38407b5\node_modules\google-auth-library\build\src\auth\googleauth.js:698:20)
    at async GoogleAuth.getAccessToken (C:\Users\Administrator\AppData\Local\npm-cache\_npx\ba4f1959e38407b5\node_modules\google-auth-library\build\src\auth\googleauth.js:722:24)
    at async autoAuth (C:\Users\Administrator\AppData\Local\npm-cache\_npx\ba4f1959e38407b5\node_modules\firebase-tools\lib\requireAuth.js:38:19)
    at async Object.requireAuth [as fn] (C:\Users\Administrator\AppData\Local\npm-cache\_npx\ba4f1959e38407b5\node_modules\firebase-tools\lib\requireAuth.js:100:20)
    at async C:\Users\Administrator\AppData\Local\npm-cache\_npx\ba4f1959e38407b5\node_modules\firebase-tools\lib\command.js:278:17
[error] 
[error] Error: Failed to authenticate, have you run firebase login?
[debug] [2026-08-15T17:33:13.212Z] Error: EPIPE: broken pipe, write
    at Socket._write (node:internal/net:63:18)
    at writeOrBuffer (node:internal/streams/writable:570:12)
    at _write (node:internal/streams/writable:499:10)
    at Writable.write (node:internal/streams/writable:508:10)
    at Console.log (C:\Users\Administrator\AppData\Local\npm-cache\_npx\ba4f1959e38407b5\node_modules\winston\lib\winston\transports\console.js:87:23)
    at Console._write (C:\Users\Administrator\AppData\Local\npm-cache\_npx\ba4f1959e38407b5\node_modules\winston-transport\modern.js:103:17)
    at doWrite (C:\Users\Administrator\AppData\Local\npm-cache\_npx\ba4f1959e38407b5\node_modules\winston-transport\node_modules\readable-stream\lib\_stream_writable.js:390:139)
    at writeOrBuffer (C:\Users\Administrator\AppData\Local\npm-cache\_npx\ba4f1959e38407b5\node_modules\winston-transport\node_modules\readable-stream\lib\_stream_writable.js:381:5)
    at Writable.write (C:\Users\Administrator\AppData\Local\npm-cache\_npx\ba4f1959e38407b5\node_modules\winston-transport\node_modules\readable-stream\lib\_stream_writable.js:302:11)
    at DerivedLogger.ondata (C:\Users\Administrator\AppData\Local\npm-cache\_npx\ba4f1959e38407b5\node_modules\winston\node_modules\readable-stream\lib\_stream_readable.js:629:20)
[error] 
[error] Error: An unexpected error has occurred.
[debug] [2026-08-15T17:33:13.215Z] Error: EPIPE: broken pipe, write
    at Socket._write (node:internal/net:63:18)
    at writeOrBuffer (node:internal/streams/writable:570:12)
    at _write (node:internal/streams/writable:499:10)
    at Writable.write (node:internal/streams/writable:508:10)
    at Console.log (C:\Users\Administrator\AppData\Local\npm-cache\_npx\ba4f1959e38407b5\node_modules\winston\lib\winston\transports\console.js:87:23)
    at Console._write (C:\Users\Administrator\AppData\Local\npm-cache\_npx\ba4f1959e38407b5\node_modules\winston-transport\modern.js:103:17)
    at doWrite (C:\Users\Administrator\AppData\Local\npm-cache\_npx\ba4f1959e38407b5\node_modules\winston-transport\node_modules\readable-stream\lib\_stream_writable.js:390:139)
    at writeOrBuffer (C:\Users\Administrator\AppData\Local\npm-cache\_npx\ba4f1959e38407b5\node_modules\winston-transport\node_modules\readable-stream\lib\_stream_writable.js:381:5)
    at Writable.write (C:\Users\Administrator\AppData\Local\npm-cache\_npx\ba4f1959e38407b5\node_modules\winston-transport\node_modules\readable-stream\lib\_stream_writable.js:302:11)
    at DerivedLogger.ondata (C:\Users\Administrator\AppData\Local\npm-cache\_npx\ba4f1959e38407b5\node_modules\winston\node_modules\readable-stream\lib\_stream_readable.js:629:20)
[error] 
[error] Error: An unexpected error has occurred.
[debug] [2026-08-15T17:33:13.216Z] Error: EPIPE: broken pipe, write
    at Socket._write (node:internal/net:63:18)
    at writeOrBuffer (node:internal/streams/writable:570:12)
    at _write (node:internal/streams/writable:499:10)
    at Writable.write (node:internal/streams/writable:508:10)
    at Console.log (C:\Users\Administrator\AppData\Local\npm-cache\_npx\ba4f1959e38407b5\node_modules\winston\lib\winston\transports\console.js:87:23)
    at Console._write (C:\Users\Administrator\AppData\Local\npm-cache\_npx\ba4f1959e38407b5\node_modules\winston-transport\modern.js:103:17)
    at doWrite (C:\Users\Administrator\AppData\Local\npm-cache\_npx\ba4f1959e38407b5\node_modules\winston-transport\node_modules\readable-stream\lib\_stream_writable.js:390:139)
    at writeOrBuffer (C:\Users\Administrator\AppData\Local\npm-cache\_npx\ba4f1959e38407b5\node_modules\winston-transport\node_modules\readable-stream\lib\_stream_writable.js:381:5)
    at Writable.write (C:\Users\Administrator\AppData\Local\npm-cache\_npx\ba4f1959e38407b5\node_modules\winston-transport\node_modules\readable-stream\lib\_stream_writable.js:302:11)
    at DerivedLogger.ondata (C:\Users\Administrator\AppData\Local\npm-cache\_npx\ba4f1959e38407b5\node_modules\winston\node_modules\readable-stream\lib\_stream_readable.js:629:20)
[error] 
[error] Error: An unexpected error has occurred.
[debug] [2026-08-15T17:33:13.219Z] Error: EPIPE: broken pipe, write
    at Socket._write (node:internal/net:63:18)
    at writeOrBuffer (node:internal/streams/writable:570:12)
    at _write (node:internal/streams/writable:499:10)
    at Writable.write (node:internal/streams/writable:508:10)
    at Console.log (C:\Users\Administrator\AppData\Local\npm-cache\_npx\ba4f1959e38407b5\node_modules\winston\lib\winston\transports\console.js:87:23)
    at Console._write (C:\Users\Administrator\AppData\Local\npm-cache\_npx\ba4f1959e38407b5\node_modules\winston-transport\modern.js:103:17)
    at doWrite (C:\Users\Administrator\AppData\Local\npm-cache\_npx\ba4f1959e38407b5\node_modules\winston-transport\node_modules\readable-stream\lib\_stream_writable.js:390:139)
    at writeOrBuffer (C:\Users\Administrator\AppData\Local\npm-cache\_npx\ba4f1959e38407b5\node_modules\winston-transport\node_modules\readable-stream\lib\_stream_writable.js:381:5)
    at Writable.write (C:\Users\Administrator\AppData\Local\npm-cache\_npx\ba4f1959e38407b5\node_modules\winston-transport\node_modules\readable-stream\lib\_stream_writable.js:302:11)
    at DerivedLogger.ondata (C:\Users\Administrator\AppData\Local\npm-cache\_npx\ba4f1959e38407b5\node_modules\winston\node_modules\readable-stream\lib\_stream_readable.js:629:20)
[error] 
[error] Error: An unexpected error has occurred.
[debug] [2026-08-15T17:33:13.221Z] Error: EPIPE: broken pipe, write
    at Socket._write (node:internal/net:63:18)
    at writeOrBuffer (node:internal/streams/writable:570:12)
    at _write (node:internal/streams/writable:499:10)
    at Writable.write (node:internal/streams/writable:508:10)
    at Console.log (C:\Users\Administrator\AppData\Local\npm-cache\_npx\ba4f1959e38407b5\node_modules\winston\lib\winston\transports\console.js:87:23)
    at Console._write (C:\Users\Administrator\AppData\Local\npm-cache\_npx\ba4f1959e38407b5\node_modules\winston-transport\modern.js:103:17)
    at doWrite (C:\Users\Administrator\AppData\Local\npm-cache\_npx\ba4f1959e38407b5\node_modules\winston-transport\node_modules\readable-stream\lib\_stream_writable.js:390:139)
    at writeOrBuffer (C:\Users\Administrator\AppData\Local\npm-cache\_npx\ba4f1959e38407b5\node_modules\winston-transport\node_modules\readable-stream\lib\_stream_writable.js:381:5)
    at Writable.write (C:\Users\Administrator\AppData\Local\npm-cache\_npx\ba4f1959e38407b5\node_modules\winston-transport\node_modules\readable-stream\lib\_stream_writable.js:302:11)
    at DerivedLogger.ondata (C:\Users\Administrator\AppData\Local\npm-cache\_npx\ba4f1959e38407b5\node_modules\winston\node_modules\readable-stream\lib\_stream_readable.js:629:20)
[error] 
[error] Error: An unexpected error has occurred.
[debug] [2026-08-15T17:33:13.222Z] Error: EPIPE: broken pipe, write
    at Socket._write (node:internal/net:63:18)
    at writeOrBuffer (node:internal/streams/writable:570:12)
    at _write (node:internal/streams/writable:499:10)
    at Writable.write (node:internal/streams/writable:508:10)
    at Console.log (C:\Users\Administrator\AppData\Local\npm-cache\_npx\ba4f1959e38407b5\node_modules\winston\lib\winston\transports\console.js:87:23)
    at Console._write (C:\Users\Administrator\AppData\Local\npm-cache\_npx\ba4f1959e38407b5\node_modules\winston-transport\modern.js:103:17)
    at doWrite (C:\Users\Administrator\AppData\Local\npm-cache\_npx\ba4f1959e38407b5\node_modules\winston-transport\node_modules\readable-stream\lib\_stream_writable.js:390:139)
    at writeOrBuffer (C:\Users\Administrator\AppData\Local\npm-cache\_npx\ba4f1959e38407b5\node_modules\winston-transport\node_modules\readable-stream\lib\_stream_writable.js:381:5)
    at Writable.write (C:\Users\Administrator\AppData\Local\npm-cache\_npx\ba4f1959e38407b5\node_modules\winston-transport\node_modules\readable-stream\lib\_stream_writable.js:302:11)
    at DerivedLogger.ondata (C:\Users\Administrator\AppData\Local\npm-cache\_npx\ba4f1959e38407b5\node_modules\winston\node_modules\readable-stream\lib\_stream_readable.js:629:20)
[error] 
[error] Error: An unexpected error has occurred.
[debug] [2026-08-15T17:33:13.225Z] Error: EPIPE: broken pipe, write
    at Socket._write (node:internal/net:63:18)
    at writeOrBuffer (node:internal/streams/writable:570:12)
    at _write (node:internal/streams/writable:499:10)
    at Writable.write (node:internal/streams/writable:508:10)
    at Console.log (C:\Users\Administrator\AppData\Local\npm-cache\_npx\ba4f1959e38407b5\node_modules\winston\lib\winston\transports\console.js:87:23)
    at Console._write (C:\Users\Administrator\AppData\Local\npm-cache\_npx\ba4f1959e38407b5\node_modules\winston-transport\modern.js:103:17)
    at doWrite (C:\Users\Administrator\AppData\Local\npm-cache\_npx\ba4f1959e38407b5\node_modules\winston-transport\node_modules\readable-stream\lib\_stream_writable.js:390:139)
    at writeOrBuffer (C:\Users\Administrator\AppData\Local\npm-cache\_npx\ba4f1959e38407b5\node_modules\winston-transport\node_modules\readable-stream\lib\_stream_writable.js:381:5)
    at Writable.write (C:\Users\Administrator\AppData\Local\npm-cache\_npx\ba4f1959e38407b5\node_modules\winston-transport\node_modules\readable-stream\lib\_stream_writable.js:302:11)
    at DerivedLogger.ondata (C:\Users\Administrator\AppData\Local\npm-cache\_npx\ba4f1959e38407b5\node_modules\winston\node_modules\readable-stream\lib\_stream_readable.js:629:20)
[error] 
[error] Error: An unexpected error has occurred.
[debug] [2026-08-15T17:33:13.226Z] Error: EPIPE: broken pipe, write
    at Socket._write (node:internal/net:63:18)
    at writeOrBuffer (node:internal/streams/writable:570:12)
    at _write (node:internal/streams/writable:499:10)
    at Writable.write (node:internal/streams/writable:508:10)
    at Console.log (C:\Users\Administrator\AppData\Local\npm-cache\_npx\ba4f1959e38407b5\node_modules\winston\lib\winston\transports\console.js:87:23)
    at Console._write (C:\Users\Administrator\AppData\Local\npm-cache\_npx\ba4f1959e38407b5\node_modules\winston-transport\modern.js:103:17)
    at doWrite (C:\Users\Administrator\AppData\Local\npm-cache\_npx\ba4f1959e38407b5\node_modules\winston-transport\node_modules\readable-stream\lib\_stream_writable.js:390:139)
    at writeOrBuffer (C:\Users\Administrator\AppData\Local\npm-cache\_npx\ba4f1959e38407b5\node_modules\winston-transport\node_modules\readable-stream\lib\_stream_writable.js:381:5)
    at Writable.write (C:\Users\Administrator\AppData\Local\npm-cache\_npx\ba4f1959e38407b5\node_modules\winston-transport\node_modules\readable-stream\lib\_stream_writable.js:302:11)
    at DerivedLogger.ondata (C:\Users\Administrator\AppData\Local\npm-cache\_npx\ba4f1959e38407b5\node_modules\winston\node_modules\readable-stream\lib\_stream_readable.js:629:20)
[error] 
[error] Error: An unexpected error has occurred.
[debug] [2026-08-15T17:33:13.228Z] Error: EPIPE: broken pipe, write
    at Socket._write (node:internal/net:63:18)
    at writeOrBuffer (node:internal/streams/writable:570:12)
    at _write (node:internal/streams/writable:499:10)
    at Writable.write (node:internal/streams/writable:508:10)
    at Console.log (C:\Users\Administrator\AppData\Local\npm-cache\_npx\ba4f1959e38407b5\node_modules\winston\lib\winston\transports\console.js:87:23)
    at Console._write (C:\Users\Administrator\AppData\Local\npm-cache\_npx\ba4f1959e38407b5\node_modules\winston-transport\modern.js:103:17)
    at doWrite (C:\Users\Administrator\AppData\Local\npm-cache\_npx\ba4f1959e38407b5\node_modules\winston-transport\node_modules\readable-stream\lib\_stream_writable.js:390:139)
    at writeOrBuffer (C:\Users\Administrator\AppData\Local\npm-cache\_npx\ba4f1959e38407b5\node_modules\winston-transport\node_modules\readable-stream\lib\_stream_writable.js:381:5)
    at Writable.write (C:\Users\Administrator\AppData\Local\npm-cache\_npx\ba4f1959e38407b5\node_modules\winston-transport\node_modules\readable-stream\lib\_stream_writable.js:302:11)
    at DerivedLogger.ondata (C:\Users\Administrator\AppData\Local\npm-cache\_npx\ba4f1959e38407b5\node_modules\winston\node_modules\readable-stream\lib\_stream_readable.js:629:20)
[error] 
[error] Error: An unexpected error has occurred.
[debug] [2026-08-15T17:33:13.230Z] Error: EPIPE: broken pipe, write
    at Socket._write (node:internal/net:63:18)
    at writeOrBuffer (node:internal/streams/writable:570:12)
    at _write (node:internal/streams/writable:499:10)
    at Writable.write (node:internal/streams/writable:508:10)
    at Console.log (C:\Users\Administrator\AppData\Local\npm-cache\_npx\ba4f1959e38407b5\node_modules\winston\lib\winston\transports\console.js:87:23)
    at Console._write (C:\Users\Administrator\AppData\Local\npm-cache\_npx\ba4f1959e38407b5\node_modules\winston-transport\modern.js:103:17)
    at doWrite (C:\Users\Administrator\AppData\Local\npm-cache\_npx\ba4f1959e38407b5\node_modules\winston-transport\node_modules\readable-stream\lib\_stream_writable.js:390:139)
    at writeOrBuffer (C:\Users\Administrator\AppData\Local\npm-cache\_npx\ba4f1959e38407b5\node_modules\winston-transport\node_modules\readable-stream\lib\_stream_writable.js:381:5)
    at Writable.write (C:\Users\Administrator\AppData\Local\npm-cache\_npx\ba4f1959e38407b5\node_modules\winston-transport\node_modules\readable-stream\lib\_stream_writable.js:302:11)
    at DerivedLogger.ondata (C:\Users\Administrator\AppData\Local\npm-cache\_npx\ba4f1959e38407b5\node_modules\winston\node_modules\readable-stream\lib\_stream_readable.js:629:20)
[error] 
[error] Error: An unexpected error has occurred.
[debug] [2026-08-15T17:33:13.231Z] Error: EPIPE: broken pipe, write
    at Socket._write (node:internal/net:63:18)
    at writeOrBuffer (node:internal/streams/writable:570:12)
    at _write (node:internal/streams/writable:499:10)
    at Writable.write (node:internal/streams/writable:508:10)
    at Console.log (C:\Users\Administrator\AppData\Local\npm-cache\_npx\ba4f1959e38407b5\node_modules\winston\lib\winston\transports\console.js:87:23)
    at Console._write (C:\Users\Administrator\AppData\Local\npm-cache\_npx\ba4f1959e38407b5\node_modules\winston-transport\modern.js:103:17)
    at doWrite (C:\Users\Administrator\AppData\Local\npm-cache\_npx\ba4f1959e38407b5\node_modules\winston-transport\node_modules\readable-stream\lib\_stream_writable.js:390:139)
    at writeOrBuffer (C:\Users\Administrator\AppData\Local\npm-cache\_npx\ba4f1959e38407b5\node_modules\winston-transport\node_modules\readable-stream\lib\_stream_writable.js:381:5)
    at Writable.write (C:\Users\Administrator\AppData\Local\npm-cache\_npx\ba4f1959e38407b5\node_modules\winston-transport\node_modules\readable-stream\lib\_stream_writable.js:302:11)
    at DerivedLogger.ondata (C:\Users\Administrator\AppData\Local\npm-cache\_npx\ba4f1959e38407b5\node_modules\winston\node_modules\readable-stream\lib\_stream_readable.js:629:20)
[error] 
[error] Error: An unexpected error has occurred.
[debug] [2026-08-15T17:33:13.233Z] Error: EPIPE: broken pipe, write
    at Socket._write (node:internal/net:63:18)
    at writeOrBuffer (node:internal/streams/writable:570:12)
    at _write (node:internal/streams/writable:499:10)
    at Writable.write (node:internal/streams/writable:508:10)
    at Console.log (C:\Users\Administrator\AppData\Local\npm-cache\_npx\ba4f1959e38407b5\node_modules\winston\lib\winston\transports\console.js:87:23)
    at Console._write (C:\Users\Administrator\AppData\Local\npm-cache\_npx\ba4f1959e38407b5\node_modules\winston-transport\modern.js:103:17)
    at doWrite (C:\Users\Administrator\AppData\Local\npm-cache\_npx\ba4f1959e38407b5\node_modules\winston-transport\node_modules\readable-stream\lib\_stream_writable.js:390:139)
    at writeOrBuffer (C:\Users\Administrator\AppData\Local\npm-cache\_npx\ba4f1959e38407b5\node_modules\winston-transport\node_modules\readable-stream\lib\_stream_writable.js:381:5)
    at Writable.write (C:\Users\Administrator\AppData\Local\npm-cache\_npx\ba4f1959e38407b5\node_modules\winston-transport\node_modules\readable-stream\lib\_stream_writable.js:302:11)
    at DerivedLogger.ondata (C:\Users\Administrator\AppData\Local\npm-cache\_npx\ba4f1959e38407b5\node_modules\winston\node_modules\readable-stream\lib\_stream_readable.js:629:20)
[error] 
[error] Error: An unexpected error has occurred.
[debug] [2026-08-15T17:33:13.237Z] Error: EPIPE: broken pipe, write
    at Socket._write (node:internal/net:63:18)
    at writeOrBuffer (node:internal/streams/writable:570:12)
    at _write (node:internal/streams/writable:499:10)
    at Writable.write (node:internal/streams/writable:508:10)
    at Console.log (C:\Users\Administrator\AppData\Local\npm-cache\_npx\ba4f1959e38407b5\node_modules\winston\lib\winston\transports\console.js:87:23)
    at Console._write (C:\Users\Administrator\AppData\Local\npm-cache\_npx\ba4f1959e38407b5\node_modules\winston-transport\modern.js:103:17)
    at doWrite (C:\Users\Administrator\AppData\Local\npm-cache\_npx\ba4f1959e38407b5\node_modules\winston-transport\node_modules\readable-stream\lib\_stream_writable.js:390:139)
    at writeOrBuffer (C:\Users\Administrator\AppData\Local\npm-cache\_npx\ba4f1959e38407b5\node_modules\winston-transport\node_modules\readable-stream\lib\_stream_writable.js:381:5)
    at Writable.write (C:\Users\Administrator\AppData\Local\npm-cache\_npx\ba4f1959e38407b5\node_modules\winston-transport\node_modules\readable-stream\lib\_stream_writable.js:302:11)
    at DerivedLogger.ondata (C:\Users\Administrator\AppData\Local\npm-cache\_npx\ba4f1959e38407b5\node_modules\winston\node_modules\readable-stream\lib\_stream_readable.js:629:20)
[error] 
[error] Error: An unexpected error has occurred.
[debug] [2026-08-15T17:33:13.240Z] Error: EPIPE: broken pipe, write
    at Socket._write (node:internal/net:63:18)
    at writeOrBuffer (node:internal/streams/writable:570:12)
    at _write (node:internal/streams/writable:499:10)
    at Writable.write (node:internal/streams/writable:508:10)
    at Console.log (C:\Users\Administrator\AppData\Local\npm-cache\_npx\ba4f1959e38407b5\node_modules\winston\lib\winston\transports\console.js:87:23)
    at Console._write (C:\Users\Administrator\AppData\Local\npm-cache\_npx\ba4f1959e38407b5\node_modules\winston-transport\modern.js:103:17)
    at doWrite (C:\Users\Administrator\AppData\Local\npm-cache\_npx\ba4f1959e38407b5\node_modules\winston-transport\node_modules\readable-stream\lib\_stream_writable.js:390:139)
    at writeOrBuffer (C:\Users\Administrator\AppData\Local\npm-cache\_npx\ba4f1959e38407b5\node_modules\winston-transport\node_modules\readable-stream\lib\_stream_writable.js:381:5)
    at Writable.write (C:\Users\Administrator\AppData\Local\npm-cache\_npx\ba4f1959e38407b5\node_modules\winston-transport\node_modules\readable-stream\lib\_stream_writable.js:302:11)
    at DerivedLogger.ondata (C:\Users\Administrator\AppData\Local\npm-cache\_npx\ba4f1959e38407b5\node_modules\winston\node_modules\readable-stream\lib\_stream_readable.js:629:20)
[error] 
[error] Error: An unexpected error has occurred.
[debug] [2026-08-15T17:33:13.241Z] Error: EPIPE: broken pipe, write
    at Socket._write (node:internal/net:63:18)
    at writeOrBuffer (node:internal/streams/writable:570:12)
    at _write (node:internal/streams/writable:499:10)
    at Writable.write (node:internal/streams/writable:508:10)
    at Console.log (C:\Users\Administrator\AppData\Local\npm-cache\_npx\ba4f1959e38407b5\node_modules\winston\lib\winston\transports\console.js:87:23)
    at Console._write (C:\Users\Administrator\AppData\Local\npm-cache\_npx\ba4f1959e38407b5\node_modules\winston-transport\modern.js:103:17)
    at doWrite (C:\Users\Administrator\AppData\Local\npm-cache\_npx\ba4f1959e38407b5\node_modules\winston-transport\node_modules\readable-stream\lib\_stream_writable.js:390:139)
    at writeOrBuffer (C:\Users\Administrator\AppData\Local\npm-cache\_npx\ba4f1959e38407b5\node_modules\winston-transport\node_modules\readable-stream\lib\_stream_writable.js:381:5)
    at Writable.write (C:\Users\Administrator\AppData\Local\npm-cache\_npx\ba4f1959e38407b5\node_modules\winston-transport\node_modules\readable-stream\lib\_stream_writable.js:302:11)
    at DerivedLogger.ondata (C:\Users\Administrator\AppData\Local\npm-cache\_npx\ba4f1959e38407b5\node_modules\winston\node_modules\readable-stream\lib\_stream_readable.js:629:20)
[error] 
[error] Error: An unexpected error has occurred.
[debug] [2026-08-15T17:33:13.243Z] Error: EPIPE: broken pipe, write
    at Socket._write (node:internal/net:63:18)
    at writeOrBuffer (node:internal/streams/writable:570:12)
    at _write (node:internal/streams/writable:499:10)
    at Writable.write (node:internal/streams/writable:508:10)
    at Console.log (C:\Users\Administrator\AppData\Local\npm-cache\_npx\ba4f1959e38407b5\node_modules\winston\lib\winston\transports\console.js:87:23)
    at Console._write (C:\Users\Administrator\AppData\Local\npm-cache\_npx\ba4f1959e38407b5\node_modules\winston-transport\modern.js:103:17)
    at doWrite (C:\Users\Administrator\AppData\Local\npm-cache\_npx\ba4f1959e38407b5\node_modules\winston-transport\node_modules\readable-stream\lib\_stream_writable.js:390:139)
    at writeOrBuffer (C:\Users\Administrator\AppData\Local\npm-cache\_npx\ba4f1959e38407b5\node_modules\winston-transport\node_modules\readable-stream\lib\_stream_writable.js:381:5)
    at Writable.write (C:\Users\Administrator\AppData\Local\npm-cache\_npx\ba4f1959e38407b5\node_modules\winston-transport\node_modules\readable-stream\lib\_stream_writable.js:302:11)
    at DerivedLogger.ondata (C:\Users\Administrator\AppData\Local\npm-cache\_npx\ba4f1959e38407b5\node_modules\winston\node_modules\readable-stream\lib\_stream_readable.js:629:20)
[error] 
[error] Error: An unexpected error has occurred.
[debug] [2026-08-15T17:33:13.244Z] Error: EPIPE: broken pipe, write
    at Socket._write (node:internal/net:63:18)
    at writeOrBuffer (node:internal/streams/writable:570:12)
    at _write (node:internal/streams/writable:499:10)
    at Writable.write (node:internal/streams/writable:508:10)
    at Console.log (C:\Users\Administrator\AppData\Local\npm-cache\_npx\ba4f1959e38407b5\node_modules\winston\lib\winston\transports\console.js:87:23)
    at Console._write (C:\Users\Administrator\AppData\Local\npm-cache\_npx\ba4f1959e38407b5\node_modules\winston-transport\modern.js:103:17)
    at doWrite (C:\Users\Administrator\AppData\Local\npm-cache\_npx\ba4f1959e38407b5\node_modules\winston-transport\node_modules\readable-stream\lib\_stream_writable.js:390:139)
    at writeOrBuffer (C:\Users\Administrator\AppData\Local\npm-cache\_npx\ba4f1959e38407b5\node_modules\winston-transport\node_modules\readable-stream\lib\_stream_writable.js:381:5)
    at Writable.write (C:\Users\Administrator\AppData\Local\npm-cache\_npx\ba4f1959e38407b5\node_modules\winston-transport\node_modules\readable-stream\lib\_stream_writable.js:302:11)
    at DerivedLogger.ondata (C:\Users\Administrator\AppData\Local\npm-cache\_npx\ba4f1959e38407b5\node_modules\winston\node_modules\readable-stream\lib\_stream_readable.js:629:20)
[error] 
[error] Error: An unexpected error has occurred.
[debug] [2026-08-15T17:33:13.245Z] Error: EPIPE: broken pipe, write
    at Socket._write (node:internal/net:63:18)
    at writeOrBuffer (node:internal/streams/writable:570:12)
    at _write (node:internal/streams/writable:499:10)
    at Writable.write (node:internal/streams/writable:508:10)
    at Console.log (C:\Users\Administrator\AppData\Local\npm-cache\_npx\ba4f1959e38407b5\node_modules\winston\lib\winston\transports\console.js:87:23)
    at Console._write (C:\Users\Administrator\AppData\Local\npm-cache\_npx\ba4f1959e38407b5\node_modules\winston-transport\modern.js:103:17)
    at doWrite (C:\Users\Administrator\AppData\Local\npm-cache\_npx\ba4f1959e38407b5\node_modules\winston-transport\node_modules\readable-stream\lib\_stream_writable.js:390:139)
    at writeOrBuffer (C:\Users\Administrator\AppData\Local\npm-cache\_npx\ba4f1959e38407b5\node_modules\winston-transport\node_modules\readable-stream\lib\_stream_writable.js:381:5)
    at Writable.write (C:\Users\Administrator\AppData\Local\npm-cache\_npx\ba4f1959e38407b5\node_modules\winston-transport\node_modules\readable-stream\lib\_stream_writable.js:302:11)
    at DerivedLogger.ondata (C:\Users\Administrator\AppData\Local\npm-cache\_npx\ba4f1959e38407b5\node_modules\winston\node_modules\readable-stream\lib\_stream_readable.js:629:20)
[error] 
[error] Error: An unexpected error has occurred.
[debug] [2026-08-15T17:33:13.247Z] Error: EPIPE: broken pipe, write
    at Socket._write (node:internal/net:63:18)
    at writeOrBuffer (node:internal/streams/writable:570:12)
    at _write (node:internal/streams/writable:499:10)
    at Writable.write (node:internal/streams/writable:508:10)
    at Console.log (C:\Users\Administrator\AppData\Local\npm-cache\_npx\ba4f1959e38407b5\node_modules\winston\lib\winston\transports\console.js:87:23)
    at Console._write (C:\Users\Administrator\AppData\Local\npm-cache\_npx\ba4f1959e38407b5\node_modules\winston-transport\modern.js:103:17)
    at doWrite (C:\Users\Administrator\AppData\Local\npm-cache\_npx\ba4f1959e38407b5\node_modules\winston-transport\node_modules\readable-stream\lib\_stream_writable.js:390:139)
    at writeOrBuffer (C:\Users\Administrator\AppData\Local\npm-cache\_npx\ba4f1959e38407b5\node_modules\winston-transport\node_modules\readable-stream\lib\_stream_writable.js:381:5)
    at Writable.write (C:\Users\Administrator\AppData\Local\npm-cache\_npx\ba4f1959e38407b5\node_modules\winston-transport\node_modules\readable-stream\lib\_stream_writable.js:302:11)
    at DerivedLogger.ondata (C:\Users\Administrator\AppData\Local\npm-cache\_npx\ba4f1959e38407b5\node_modules\winston\node_modules\readable-stream\lib\_stream_readable.js:629:20)
[error] 
[error] Error: An unexpected error has occurred.
[debug] [2026-08-15T17:33:13.248Z] Error: EPIPE: broken pipe, write
    at Socket._write (node:internal/net:63:18)
    at writeOrBuffer (node:internal/streams/writable:570:12)
    at _write (node:internal/streams/writable:499:10)
    at Writable.write (node:internal/streams/writable:508:10)
    at Console.log (C:\Users\Administrator\AppData\Local\npm-cache\_npx\ba4f1959e38407b5\node_modules\winston\lib\winston\transports\console.js:87:23)
    at Console._write (C:\Users\Administrator\AppData\Local\npm-cache\_npx\ba4f1959e38407b5\node_modules\winston-transport\modern.js:103:17)
    at doWrite (C:\Users\Administrator\AppData\Local\npm-cache\_npx\ba4f1959e38407b5\node_modules\winston-transport\node_modules\readable-stream\lib\_stream_writable.js:390:139)
    at writeOrBuffer (C:\Users\Administrator\AppData\Local\npm-cache\_npx\ba4f1959e38407b5\node_modules\winston-transport\node_modules\readable-stream\lib\_stream_writable.js:381:5)
    at Writable.write (C:\Users\Administrator\AppData\Local\npm-cache\_npx\ba4f1959e38407b5\node_modules\winston-transport\node_modules\readable-stream\lib\_stream_writable.js:302:11)
    at DerivedLogger.ondata (C:\Users\Administrator\AppData\Local\npm-cache\_npx\ba4f1959e38407b5\node_modules\winston\node_modules\readable-stream\lib\_stream_readable.js:629:20)
[error] 
[error] Error: An unexpected error has occurred.
[debug] [2026-08-15T17:33:13.249Z] Error: EPIPE: broken pipe, write
    at Socket._write (node:internal/net:63:18)
    at writeOrBuffer (node:internal/streams/writable:570:12)
    at _write (node:internal/streams/writable:499:10)
    at Writable.write (node:internal/streams/writable:508:10)
    at Console.log (C:\Users\Administrator\AppData\Local\npm-cache\_npx\ba4f1959e38407b5\node_modules\winston\lib\winston\transports\console.js:87:23)
    at Console._write (C:\Users\Administrator\AppData\Local\npm-cache\_npx\ba4f1959e38407b5\node_modules\winston-transport\modern.js:103:17)
    at doWrite (C:\Users\Administrator\AppData\Local\npm-cache\_npx\ba4f1959e38407b5\node_modules\winston-transport\node_modules\readable-stream\lib\_stream_writable.js:390:139)
    at writeOrBuffer (C:\Users\Administrator\AppData\Local\npm-cache\_npx\ba4f1959e38407b5\node_modules\winston-transport\node_modules\readable-stream\lib\_stream_writable.js:381:5)
    at Writable.write (C:\Users\Administrator\AppData\Local\npm-cache\_npx\ba4f1959e38407b5\node_modules\winston-transport\node_modules\readable-stream\lib\_stream_writable.js:302:11)
    at DerivedLogger.ondata (C:\Users\Administrator\AppData\Local\npm-cache\_npx\ba4f1959e38407b5\node_modules\winston\node_modules\readable-stream\lib\_stream_readable.js:629:20)
[error] 
[error] Error: An unexpected error has occurred.
[debug] [2026-08-15T17:33:13.251Z] Error: EPIPE: broken pipe, write
    at Socket._write (node:internal/net:63:18)
    at writeOrBuffer (node:internal/streams/writable:570:12)
    at _write (node:internal/streams/writable:499:10)
    at Writable.write (node:internal/streams/writable:508:10)
    at Console.log (C:\Users\Administrator\AppData\Local\npm-cache\_npx\ba4f1959e38407b5\node_modules\winston\lib\winston\transports\console.js:87:23)
    at Console._write (C:\Users\Administrator\AppData\Local\npm-cache\_npx\ba4f1959e38407b5\node_modules\winston-transport\modern.js:103:17)
    at doWrite (C:\Users\Administrator\AppData\Local\npm-cache\_npx\ba4f1959e38407b5\node_modules\winston-transport\node_modules\readable-stream\lib\_stream_writable.js:390:139)
    at writeOrBuffer (C:\Users\Administrator\AppData\Local\npm-cache\_npx\ba4f1959e38407b5\node_modules\winston-transport\node_modules\readable-stream\lib\_stream_writable.js:381:5)
    at Writable.write (C:\Users\Administrator\AppData\Local\npm-cache\_npx\ba4f1959e38407b5\node_modules\winston-transport\node_modules\readable-stream\lib\_stream_writable.js:302:11)
    at DerivedLogger.ondata (C:\Users\Administrator\AppData\Local\npm-cache\_npx\ba4f1959e38407b5\node_modules\winston\node_modules\readable-stream\lib\_stream_readable.js:629:20)
[error] 
[error] Error: An unexpected error has occurred.
[debug] [2026-08-15T17:33:13.252Z] Error: EPIPE: broken pipe, write
    at Socket._write (node:internal/net:63:18)
    at writeOrBuffer (node:internal/streams/writable:570:12)
    at _write (node:internal/streams/writable:499:10)
    at Writable.write (node:internal/streams/writable:508:10)
    at Console.log (C:\Users\Administrator\AppData\Local\npm-cache\_npx\ba4f1959e38407b5\node_modules\winston\lib\winston\transports\console.js:87:23)
    at Console._write (C:\Users\Administrator\AppData\Local\npm-cache\_npx\ba4f1959e38407b5\node_modules\winston-transport\modern.js:103:17)
    at doWrite (C:\Users\Administrator\AppData\Local\npm-cache\_npx\ba4f1959e38407b5\node_modules\winston-transport\node_modules\readable-stream\lib\_stream_writable.js:390:139)
    at writeOrBuffer (C:\Users\Administrator\AppData\Local\npm-cache\_npx\ba4f1959e38407b5\node_modules\winston-transport\node_modules\readable-stream\lib\_stream_writable.js:381:5)
    at Writable.write (C:\Users\Administrator\AppData\Local\npm-cache\_npx\ba4f1959e38407b5\node_modules\winston-transport\node_modules\readable-stream\lib\_stream_writable.js:302:11)
    at DerivedLogger.ondata (C:\Users\Administrator\AppData\Local\npm-cache\_npx\ba4f1959e38407b5\node_modules\winston\node_modules\readable-stream\lib\_stream_readable.js:629:20)
[error] 
[error] Error: An unexpected error has occurred.
[debug] [2026-08-15T17:33:13.253Z] Error: EPIPE: broken pipe, write
    at Socket._write (node:internal/net:63:18)
    at writeOrBuffer (node:internal/streams/writable:570:12)
    at _write (node:internal/streams/writable:499:10)
    at Writable.write (node:internal/streams/writable:508:10)
    at Console.log (C:\Users\Administrator\AppData\Local\npm-cache\_npx\ba4f1959e38407b5\node_modules\winston\lib\winston\transports\console.js:87:23)
    at Console._write (C:\Users\Administrator\AppData\Local\npm-cache\_npx\ba4f1959e38407b5\node_modules\winston-transport\modern.js:103:17)
    at doWrite (C:\Users\Administrator\AppData\Local\npm-cache\_npx\ba4f1959e38407b5\node_modules\winston-transport\node_modules\readable-stream\lib\_stream_writable.js:390:139)
    at writeOrBuffer (C:\Users\Administrator\AppData\Local\npm-cache\_npx\ba4f1959e38407b5\node_modules\winston-transport\node_modules\readable-stream\lib\_stream_writable.js:381:5)
    at Writable.write (C:\Users\Administrator\AppData\Local\npm-cache\_npx\ba4f1959e38407b5\node_modules\winston-transport\node_modules\readable-stream\lib\_stream_writable.js:302:11)
    at DerivedLogger.ondata (C:\Users\Administrator\AppData\Local\npm-cache\_npx\ba4f1959e38407b5\node_modules\winston\node_modules\readable-stream\lib\_stream_readable.js:629:20)
[error] 
[error] Error: An unexpected error has occurred.
[debug] [2026-08-15T17:33:13.255Z] Error: EPIPE: broken pipe, write
    at Socket._write (node:internal/net:63:18)
    at writeOrBuffer (node:internal/streams/writable:570:12)
    at _write (node:internal/streams/writable:499:10)
    at Writable.write (node:internal/streams/writable:508:10)
    at Console.log (C:\Users\Administrator\AppData\Local\npm-cache\_npx\ba4f1959e38407b5\node_modules\winston\lib\winston\transports\console.js:87:23)
    at Console._write (C:\Users\Administrator\AppData\Local\npm-cache\_npx\ba4f1959e38407b5\node_modules\winston-transport\modern.js:103:17)
    at doWrite (C:\Users\Administrator\AppData\Local\npm-cache\_npx\ba4f1959e38407b5\node_modules\winston-transport\node_modules\readable-stream\lib\_stream_writable.js:390:139)
    at writeOrBuffer (C:\Users\Administrator\AppData\Local\npm-cache\_npx\ba4f1959e38407b5\node_modules\winston-transport\node_modules\readable-stream\lib\_stream_writable.js:381:5)
    at Writable.write (C:\Users\Administrator\AppData\Local\npm-cache\_npx\ba4f1959e38407b5\node_modules\winston-transport\node_modules\readable-stream\lib\_stream_writable.js:302:11)
    at DerivedLogger.ondata (C:\Users\Administrator\AppData\Local\npm-cache\_npx\ba4f1959e38407b5\node_modules\winston\node_modules\readable-stream\lib\_stream_readable.js:629:20)
[error] 
[error] Error: An unexpected error has occurred.
[debug] [2026-08-15T17:33:13.256Z] Error: EPIPE: broken pipe, write
    at Socket._write (node:internal/net:63:18)
    at writeOrBuffer (node:internal/streams/writable:570:12)
    at _write (node:internal/streams/writable:499:10)
    at Writable.write (node:internal/streams/writable:508:10)
    at Console.log (C:\Users\Administrator\AppData\Local\npm-cache\_npx\ba4f1959e38407b5\node_modules\winston\lib\winston\transports\console.js:87:23)
    at Console._write (C:\Users\Administrator\AppData\Local\npm-cache\_npx\ba4f1959e38407b5\node_modules\winston-transport\modern.js:103:17)
    at doWrite (C:\Users\Administrator\AppData\Local\npm-cache\_npx\ba4f1959e38407b5\node_modules\winston-transport\node_modules\readable-stream\lib\_stream_writable.js:390:139)
    at writeOrBuffer (C:\Users\Administrator\AppData\Local\npm-cache\_npx\ba4f1959e38407b5\node_modules\winston-transport\node_modules\readable-stream\lib\_stream_writable.js:381:5)
    at Writable.write (C:\Users\Administrator\AppData\Local\npm-cache\_npx\ba4f1959e38407b5\node_modules\winston-transport\node_modules\readable-stream\lib\_stream_writable.js:302:11)
    at DerivedLogger.ondata (C:\Users\Administrator\AppData\Local\npm-cache\_npx\ba4f1959e38407b5\node_modules\winston\node_modules\readable-stream\lib\_stream_readable.js:629:20)
[error] 
[error] Error: An unexpected error has occurred.
[debug] [2026-08-15T17:33:13.257Z] Error: EPIPE: broken pipe, write
    at Socket._write (node:internal/net:63:18)
    at writeOrBuffer (node:internal/streams/writable:570:12)
    at _write (node:internal/streams/writable:499:10)
    at Writable.write (node:internal/streams/writable:508:10)
    at Console.log (C:\Users\Administrator\AppData\Local\npm-cache\_npx\ba4f1959e38407b5\node_modules\winston\lib\winston\transports\console.js:87:23)
    at Console._write (C:\Users\Administrator\AppData\Local\npm-cache\_npx\ba4f1959e38407b5\node_modules\winston-transport\modern.js:103:17)
    at doWrite (C:\Users\Administrator\AppData\Local\npm-cache\_npx\ba4f1959e38407b5\node_modules\winston-transport\node_modules\readable-stream\lib\_stream_writable.js:390:139)
    at writeOrBuffer (C:\Users\Administrator\AppData\Local\npm-cache\_npx\ba4f1959e38407b5\node_modules\winston-transport\node_modules\readable-stream\lib\_stream_writable.js:381:5)
    at Writable.write (C:\Users\Administrator\AppData\Local\npm-cache\_npx\ba4f1959e38407b5\node_modules\winston-transport\node_modules\readable-stream\lib\_stream_writable.js:302:11)
    at DerivedLogger.ondata (C:\Users\Administrator\AppData\Local\npm-cache\_npx\ba4f1959e38407b5\node_modules\winston\node_modules\readable-stream\lib\_stream_readable.js:629:20)
[error] 
[error] Error: An unexpected error has occurred.
[debug] [2026-08-15T17:33:13.258Z] Error: EPIPE: broken pipe, write
    at Socket._write (node:internal/net:63:18)
    at writeOrBuffer (node:internal/streams/writable:570:12)
    at _write (node:internal/streams/writable:499:10)
    at Writable.write (node:internal/streams/writable:508:10)
    at Console.log (C:\Users\Administrator\AppData\Local\npm-cache\_npx\ba4f1959e38407b5\node_modules\winston\lib\winston\transports\console.js:87:23)
    at Console._write (C:\Users\Administrator\AppData\Local\npm-cache\_npx\ba4f1959e38407b5\node_modules\winston-transport\modern.js:103:17)
    at doWrite (C:\Users\Administrator\AppData\Local\npm-cache\_npx\ba4f1959e38407b5\node_modules\winston-transport\node_modules\readable-stream\lib\_stream_writable.js:390:139)
    at writeOrBuffer (C:\Users\Administrator\AppData\Local\npm-cache\_npx\ba4f1959e38407b5\node_modules\winston-transport\node_modules\readable-stream\lib\_stream_writable.js:381:5)
    at Writable.write (C:\Users\Administrator\AppData\Local\npm-cache\_npx\ba4f1959e38407b5\node_modules\winston-transport\node_modules\readable-stream\lib\_stream_writable.js:302:11)
    at DerivedLogger.ondata (C:\Users\Administrator\AppData\Local\npm-cache\_npx\ba4f1959e38407b5\node_modules\winston\node_modules\readable-stream\lib\_stream_readable.js:629:20)
[error] 
[error] Error: An unexpected error has occurred.
[debug] [2026-08-15T17:33:13.259Z] Error: EPIPE: broken pipe, write
    at Socket._write (node:internal/net:63:18)
    at writeOrBuffer (node:internal/streams/writable:570:12)
    at _write (node:internal/streams/writable:499:10)
    at Writable.write (node:internal/streams/writable:508:10)
    at Console.log (C:\Users\Administrator\AppData\Local\npm-cache\_npx\ba4f1959e38407b5\node_modules\winston\lib\winston\transports\console.js:87:23)
    at Console._write (C:\Users\Administrator\AppData\Local\npm-cache\_npx\ba4f1959e38407b5\node_modules\winston-transport\modern.js:103:17)
    at doWrite (C:\Users\Administrator\AppData\Local\npm-cache\_npx\ba4f1959e38407b5\node_modules\winston-transport\node_modules\readable-stream\lib\_stream_writable.js:390:139)
    at writeOrBuffer (C:\Users\Administrator\AppData\Local\npm-cache\_npx\ba4f1959e38407b5\node_modules\winston-transport\node_modules\readable-stream\lib\_stream_writable.js:381:5)
    at Writable.write (C:\Users\Administrator\AppData\Local\npm-cache\_npx\ba4f1959e38407b5\node_modules\winston-transport\node_modules\readable-stream\lib\_stream_writable.js:302:11)
    at DerivedLogger.ondata (C:\Users\Administrator\AppData\Local\npm-cache\_npx\ba4f1959e38407b5\node_modules\winston\node_modules\readable-stream\lib\_stream_readable.js:629:20)
[error] 
[error] Error: An unexpected error has occurred.
[debug] [2026-08-15T17:33:13.260Z] Error: EPIPE: broken pipe, write
    at Socket._write (node:internal/net:63:18)
    at writeOrBuffer (node:internal/streams/writable:570:12)
    at _write (node:internal/streams/writable:499:10)
    at Writable.write (node:internal/streams/writable:508:10)
    at Console.log (C:\Users\Administrator\AppData\Local\npm-cache\_npx\ba4f1959e38407b5\node_modules\winston\lib\winston\transports\console.js:87:23)
    at Console._write (C:\Users\Administrator\AppData\Local\npm-cache\_npx\ba4f1959e38407b5\node_modules\winston-transport\modern.js:103:17)
    at doWrite (C:\Users\Administrator\AppData\Local\npm-cache\_npx\ba4f1959e38407b5\node_modules\winston-transport\node_modules\readable-stream\lib\_stream_writable.js:390:139)
    at writeOrBuffer (C:\Users\Administrator\AppData\Local\npm-cache\_npx\ba4f1959e38407b5\node_modules\winston-transport\node_modules\readable-stream\lib\_stream_writable.js:381:5)
    at Writable.write (C:\Users\Administrator\AppData\Local\npm-cache\_npx\ba4f1959e38407b5\node_modules\winston-transport\node_modules\readable-stream\lib\_stream_writable.js:302:11)
    at DerivedLogger.ondata (C:\Users\Administrator\AppData\Local\npm-cache\_npx\ba4f1959e38407b5\node_modules\winston\node_modules\readable-stream\lib\_stream_readable.js:629:20)
[error] 
[error] Error: An unexpected error has occurred.
[debug] [2026-08-15T17:33:13.262Z] Error: EPIPE: broken pipe, write
    at Socket._write (node:internal/net:63:18)
    at writeOrBuffer (node:internal/streams/writable:570:12)
    at _write (node:internal/streams/writable:499:10)
    at Writable.write (node:internal/streams/writable:508:10)
    at Console.log (C:\Users\Administrator\AppData\Local\npm-cache\_npx\ba4f1959e38407b5\node_modules\winston\lib\winston\transports\console.js:87:23)
    at Console._write (C:\Users\Administrator\AppData\Local\npm-cache\_npx\ba4f1959e38407b5\node_modules\winston-transport\modern.js:103:17)
    at doWrite (C:\Users\Administrator\AppData\Local\npm-cache\_npx\ba4f1959e38407b5\node_modules\winston-transport\node_modules\readable-stream\lib\_stream_writable.js:390:139)
    at writeOrBuffer (C:\Users\Administrator\AppData\Local\npm-cache\_npx\ba4f1959e38407b5\node_modules\winston-transport\node_modules\readable-stream\lib\_stream_writable.js:381:5)
    at Writable.write (C:\Users\Administrator\AppData\Local\npm-cache\_npx\ba4f1959e38407b5\node_modules\winston-transport\node_modules\readable-stream\lib\_stream_writable.js:302:11)
    at DerivedLogger.ondata (C:\Users\Administrator\AppData\Local\npm-cache\_npx\ba4f1959e38407b5\node_modules\winston\node_modules\readable-stream\lib\_stream_readable.js:629:20)
[error] 
[error] Error: An unexpected error has occurred.
[debug] [2026-08-15T17:33:13.263Z] Error: EPIPE: broken pipe, write
    at Socket._write (node:internal/net:63:18)
    at writeOrBuffer (node:internal/streams/writable:570:12)
    at _write (node:internal/streams/writable:499:10)
    at Writable.write (node:internal/streams/writable:508:10)
    at Console.log (C:\Users\Administrator\AppData\Local\npm-cache\_npx\ba4f1959e38407b5\node_modules\winston\lib\winston\transports\console.js:87:23)
    at Console._write (C:\Users\Administrator\AppData\Local\npm-cache\_npx\ba4f1959e38407b5\node_modules\winston-transport\modern.js:103:17)
    at doWrite (C:\Users\Administrator\AppData\Local\npm-cache\_npx\ba4f1959e38407b5\node_modules\winston-transport\node_modules\readable-stream\lib\_stream_writable.js:390:139)
    at writeOrBuffer (C:\Users\Administrator\AppData\Local\npm-cache\_npx\ba4f1959e38407b5\node_modules\winston-transport\node_modules\readable-stream\lib\_stream_writable.js:381:5)
    at Writable.write (C:\Users\Administrator\AppData\Local\npm-cache\_npx\ba4f1959e38407b5\node_modules\winston-transport\node_modules\readable-stream\lib\_stream_writable.js:302:11)
    at DerivedLogger.ondata (C:\Users\Administrator\AppData\Local\npm-cache\_npx\ba4f1959e38407b5\node_modules\winston\node_modules\readable-stream\lib\_stream_readable.js:629:20)
[error] 
[error] Error: An unexpected error has occurred.
[debug] [2026-08-15T17:33:13.264Z] Error: EPIPE: broken pipe, write
    at Socket._write (node:internal/net:63:18)
    at writeOrBuffer (node:internal/streams/writable:570:12)
    at _write (node:internal/streams/writable:499:10)
    at Writable.write (node:internal/streams/writable:508:10)
    at Console.log (C:\Users\Administrator\AppData\Local\npm-cache\_npx\ba4f1959e38407b5\node_modules\winston\lib\winston\transports\console.js:87:23)
    at Console._write (C:\Users\Administrator\AppData\Local\npm-cache\_npx\ba4f1959e38407b5\node_modules\winston-transport\modern.js:103:17)
    at doWrite (C:\Users\Administrator\AppData\Local\npm-cache\_npx\ba4f1959e38407b5\node_modules\winston-transport\node_modules\readable-stream\lib\_stream_writable.js:390:139)
    at writeOrBuffer (C:\Users\Administrator\AppData\Local\npm-cache\_npx\ba4f1959e38407b5\node_modules\winston-transport\node_modules\readable-stream\lib\_stream_writable.js:381:5)
    at Writable.write (C:\Users\Administrator\AppData\Local\npm-cache\_npx\ba4f1959e38407b5\node_modules\winston-transport\node_modules\readable-stream\lib\_stream_writable.js:302:11)
    at DerivedLogger.ondata (C:\Users\Administrator\AppData\Local\npm-cache\_npx\ba4f1959e38407b5\node_modules\winston\node_modules\readable-stream\lib\_stream_readable.js:629:20)
[error] 
[error] Error: An unexpected error has occurred.
[debug] [2026-08-15T17:33:13.265Z] Error: EPIPE: broken pipe, write
    at Socket._write (node:internal/net:63:18)
    at writeOrBuffer (node:internal/streams/writable:570:12)
    at _write (node:internal/streams/writable:499:10)
    at Writable.write (node:internal/streams/writable:508:10)
    at Console.log (C:\Users\Administrator\AppData\Local\npm-cache\_npx\ba4f1959e38407b5\node_modules\winston\lib\winston\transports\console.js:87:23)
    at Console._write (C:\Users\Administrator\AppData\Local\npm-cache\_npx\ba4f1959e38407b5\node_modules\winston-transport\modern.js:103:17)
    at doWrite (C:\Users\Administrator\AppData\Local\npm-cache\_npx\ba4f1959e38407b5\node_modules\winston-transport\node_modules\readable-stream\lib\_stream_writable.js:390:139)
    at writeOrBuffer (C:\Users\Administrator\AppData\Local\npm-cache\_npx\ba4f1959e38407b5\node_modules\winston-transport\node_modules\readable-stream\lib\_stream_writable.js:381:5)
    at Writable.write (C:\Users\Administrator\AppData\Local\npm-cache\_npx\ba4f1959e38407b5\node_modules\winston-transport\node_modules\readable-stream\lib\_stream_writable.js:302:11)
    at DerivedLogger.ondata (C:\Users\Administrator\AppData\Local\npm-cache\_npx\ba4f1959e38407b5\node_modules\winston\node_modules\readable-stream\lib\_stream_readable.js:629:20)
[error] 
[error] Error: An unexpected error has occurred.
[debug] [2026-08-15T17:33:13.266Z] Error: EPIPE: broken pipe, write
    at Socket._write (node:internal/net:63:18)
    at writeOrBuffer (node:internal/streams/writable:570:12)
    at _write (node:internal/streams/writable:499:10)
    at Writable.write (node:internal/streams/writable:508:10)
    at Console.log (C:\Users\Administrator\AppData\Local\npm-cache\_npx\ba4f1959e38407b5\node_modules\winston\lib\winston\transports\console.js:87:23)
    at Console._write (C:\Users\Administrator\AppData\Local\npm-cache\_npx\ba4f1959e38407b5\node_modules\winston-transport\modern.js:103:17)
    at doWrite (C:\Users\Administrator\AppData\Local\npm-cache\_npx\ba4f1959e38407b5\node_modules\winston-transport\node_modules\readable-stream\lib\_stream_writable.js:390:139)
    at writeOrBuffer (C:\Users\Administrator\AppData\Local\npm-cache\_npx\ba4f1959e38407b5\node_modules\winston-transport\node_modules\readable-stream\lib\_stream_writable.js:381:5)
    at Writable.write (C:\Users\Administrator\AppData\Local\npm-cache\_npx\ba4f1959e38407b5\node_modules\winston-transport\node_modules\readable-stream\lib\_stream_writable.js:302:11)
    at DerivedLogger.ondata (C:\Users\Administrator\AppData\Local\npm-cache\_npx\ba4f1959e38407b5\node_modules\winston\node_modules\readable-stream\lib\_stream_readable.js:629:20)
[error] 
[error] Error: An unexpected error has occurred.
[debug] [2026-08-15T17:33:13.267Z] Error: EPIPE: broken pipe, write
    at Socket._write (node:internal/net:63:18)
    at writeOrBuffer (node:internal/streams/writable:570:12)
    at _write (node:internal/streams/writable:499:10)
    at Writable.write (node:internal/streams/writable:508:10)
    at Console.log (C:\Users\Administrator\AppData\Local\npm-cache\_npx\ba4f1959e38407b5\node_modules\winston\lib\winston\transports\console.js:87:23)
    at Console._write (C:\Users\Administrator\AppData\Local\npm-cache\_npx\ba4f1959e38407b5\node_modules\winston-transport\modern.js:103:17)
    at doWrite (C:\Users\Administrator\AppData\Local\npm-cache\_npx\ba4f1959e38407b5\node_modules\winston-transport\node_modules\readable-stream\lib\_stream_writable.js:390:139)
    at writeOrBuffer (C:\Users\Administrator\AppData\Local\npm-cache\_npx\ba4f1959e38407b5\node_modules\winston-transport\node_modules\readable-stream\lib\_stream_writable.js:381:5)
    at Writable.write (C:\Users\Administrator\AppData\Local\npm-cache\_npx\ba4f1959e38407b5\node_modules\winston-transport\node_modules\readable-stream\lib\_stream_writable.js:302:11)
    at DerivedLogger.ondata (C:\Users\Administrator\AppData\Local\npm-cache\_npx\ba4f1959e38407b5\node_modules\winston\node_modules\readable-stream\lib\_stream_readable.js:629:20)
[error] 
[error] Error: An unexpected error has occurred.
[debug] [2026-08-15T17:33:13.268Z] Error: EPIPE: broken pipe, write
    at Socket._write (node:internal/net:63:18)
    at writeOrBuffer (node:internal/streams/writable:570:12)
    at _write (node:internal/streams/writable:499:10)
    at Writable.write (node:internal/streams/writable:508:10)
    at Console.log (C:\Users\Administrator\AppData\Local\npm-cache\_npx\ba4f1959e38407b5\node_modules\winston\lib\winston\transports\console.js:87:23)
    at Console._write (C:\Users\Administrator\AppData\Local\npm-cache\_npx\ba4f1959e38407b5\node_modules\winston-transport\modern.js:103:17)
    at doWrite (C:\Users\Administrator\AppData\Local\npm-cache\_npx\ba4f1959e38407b5\node_modules\winston-transport\node_modules\readable-stream\lib\_stream_writable.js:390:139)
    at writeOrBuffer (C:\Users\Administrator\AppData\Local\npm-cache\_npx\ba4f1959e38407b5\node_modules\winston-transport\node_modules\readable-stream\lib\_stream_writable.js:381:5)
    at Writable.write (C:\Users\Administrator\AppData\Local\npm-cache\_npx\ba4f1959e38407b5\node_modules\winston-transport\node_modules\readable-stream\lib\_stream_writable.js:302:11)
    at DerivedLogger.ondata (C:\Users\Administrator\AppData\Local\npm-cache\_npx\ba4f1959e38407b5\node_modules\winston\node_modules\readable-stream\lib\_stream_readable.js:629:20)
[error] 
[error] Error: An unexpected error has occurred.
[debug] [2026-08-15T17:33:13.268Z] Error: EPIPE: broken pipe, write
    at Socket._write (node:internal/net:63:18)
    at writeOrBuffer (node:internal/streams/writable:570:12)
    at _write (node:internal/streams/writable:499:10)
    at Writable.write (node:internal/streams/writable:508:10)
    at Console.log (C:\Users\Administrator\AppData\Local\npm-cache\_npx\ba4f1959e38407b5\node_modules\winston\lib\winston\transports\console.js:87:23)
    at Console._write (C:\Users\Administrator\AppData\Local\npm-cache\_npx\ba4f1959e38407b5\node_modules\winston-transport\modern.js:103:17)
    at doWrite (C:\Users\Administrator\AppData\Local\npm-cache\_npx\ba4f1959e38407b5\node_modules\winston-transport\node_modules\readable-stream\lib\_stream_writable.js:390:139)
    at writeOrBuffer (C:\Users\Administrator\AppData\Local\npm-cache\_npx\ba4f1959e38407b5\node_modules\winston-transport\node_modules\readable-stream\lib\_stream_writable.js:381:5)
    at Writable.write (C:\Users\Administrator\AppData\Local\npm-cache\_npx\ba4f1959e38407b5\node_modules\winston-transport\node_modules\readable-stream\lib\_stream_writable.js:302:11)
    at DerivedLogger.ondata (C:\Users\Administrator\AppData\Local\npm-cache\_npx\ba4f1959e38407b5\node_modules\winston\node_modules\readable-stream\lib\_stream_readable.js:629:20)
[error] 
[error] Error: An unexpected error has occurred.
[debug] [2026-08-15T17:33:13.269Z] Error: EPIPE: broken pipe, write
    at Socket._write (node:internal/net:63:18)
    at writeOrBuffer (node:internal/streams/writable:570:12)
    at _write (node:internal/streams/writable:499:10)
    at Writable.write (node:internal/streams/writable:508:10)
    at Console.log (C:\Users\Administrator\AppData\Local\npm-cache\_npx\ba4f1959e38407b5\node_modules\winston\lib\winston\transports\console.js:87:23)
    at Console._write (C:\Users\Administrator\AppData\Local\npm-cache\_npx\ba4f1959e38407b5\node_modules\winston-transport\modern.js:103:17)
    at doWrite (C:\Users\Administrator\AppData\Local\npm-cache\_npx\ba4f1959e38407b5\node_modules\winston-transport\node_modules\readable-stream\lib\_stream_writable.js:390:139)
    at writeOrBuffer (C:\Users\Administrator\AppData\Local\npm-cache\_npx\ba4f1959e38407b5\node_modules\winston-transport\node_modules\readable-stream\lib\_stream_writable.js:381:5)
    at Writable.write (C:\Users\Administrator\AppData\Local\npm-cache\_npx\ba4f1959e38407b5\node_modules\winston-transport\node_modules\readable-stream\lib\_stream_writable.js:302:11)
    at DerivedLogger.ondata (C:\Users\Administrator\AppData\Local\npm-cache\_npx\ba4f1959e38407b5\node_modules\winston\node_modules\readable-stream\lib\_stream_readable.js:629:20)
[error] 
[error] Error: An unexpected error has occurred.
[debug] [2026-08-15T17:33:13.270Z] Error: EPIPE: broken pipe, write
    at Socket._write (node:internal/net:63:18)
    at writeOrBuffer (node:internal/streams/writable:570:12)
    at _write (node:internal/streams/writable:499:10)
    at Writable.write (node:internal/streams/writable:508:10)
    at Console.log (C:\Users\Administrator\AppData\Local\npm-cache\_npx\ba4f1959e38407b5\node_modules\winston\lib\winston\transports\console.js:87:23)
    at Console._write (C:\Users\Administrator\AppData\Local\npm-cache\_npx\ba4f1959e38407b5\node_modules\winston-transport\modern.js:103:17)
    at doWrite (C:\Users\Administrator\AppData\Local\npm-cache\_npx\ba4f1959e38407b5\node_modules\winston-transport\node_modules\readable-stream\lib\_stream_writable.js:390:139)
    at writeOrBuffer (C:\Users\Administrator\AppData\Local\npm-cache\_npx\ba4f1959e38407b5\node_modules\winston-transport\node_modules\readable-stream\lib\_stream_writable.js:381:5)
    at Writable.write (C:\Users\Administrator\AppData\Local\npm-cache\_npx\ba4f1959e38407b5\node_modules\winston-transport\node_modules\readable-stream\lib\_stream_writable.js:302:11)
    at DerivedLogger.ondata (C:\Users\Administrator\AppData\Local\npm-cache\_npx\ba4f1959e38407b5\node_modules\winston\node_modules\readable-stream\lib\_stream_readable.js:629:20)
[error] 
[error] Error: An unexpected error has occurred.
[debug] [2026-08-15T17:33:13.283Z] Error: EPIPE: broken pipe, write
    at Socket._write (node:internal/net:63:18)
    at writeOrBuffer (node:internal/streams/writable:570:12)
    at _write (node:internal/streams/writable:499:10)
    at Writable.write (node:internal/streams/writable:508:10)
    at Console.log (C:\Users\Administrator\AppData\Local\npm-cache\_npx\ba4f1959e38407b5\node_modules\winston\lib\winston\transports\console.js:87:23)
    at Console._write (C:\Users\Administrator\AppData\Local\npm-cache\_npx\ba4f1959e38407b5\node_modules\winston-transport\modern.js:103:17)
    at doWrite (C:\Users\Administrator\AppData\Local\npm-cache\_npx\ba4f1959e38407b5\node_modules\winston-transport\node_modules\readable-stream\lib\_stream_writable.js:390:139)
    at writeOrBuffer (C:\Users\Administrator\AppData\Local\npm-cache\_npx\ba4f1959e38407b5\node_modules\winston-transport\node_modules\readable-stream\lib\_stream_writable.js:381:5)
    at Writable.write (C:\Users\Administrator\AppData\Local\npm-cache\_npx\ba4f1959e38407b5\node_modules\winston-transport\node_modules\readable-stream\lib\_stream_writable.js:302:11)
    at DerivedLogger.ondata (C:\Users\Administrator\AppData\Local\npm-cache\_npx\ba4f1959e38407b5\node_modules\winston\node_modules\readable-stream\lib\_stream_readable.js:629:20)
[error] 
[error] Error: An unexpected error has occurred.
[debug] [2026-08-15T17:33:13.284Z] Error: EPIPE: broken pipe, write
    at Socket._write (node:internal/net:63:18)
    at writeOrBuffer (node:internal/streams/writable:570:12)
    at _write (node:internal/streams/writable:499:10)
    at Writable.write (node:internal/streams/writable:508:10)
    at Console.log (C:\Users\Administrator\AppData\Local\npm-cache\_npx\ba4f1959e38407b5\node_modules\winston\lib\winston\transports\console.js:87:23)
    at Console._write (C:\Users\Administrator\AppData\Local\npm-cache\_npx\ba4f1959e38407b5\node_modules\winston-transport\modern.js:103:17)
    at doWrite (C:\Users\Administrator\AppData\Local\npm-cache\_npx\ba4f1959e38407b5\node_modules\winston-transport\node_modules\readable-stream\lib\_stream_writable.js:390:139)
    at writeOrBuffer (C:\Users\Administrator\AppData\Local\npm-cache\_npx\ba4f1959e38407b5\node_modules\winston-transport\node_modules\readable-stream\lib\_stream_writable.js:381:5)
    at Writable.write (C:\Users\Administrator\AppData\Local\npm-cache\_npx\ba4f1959e38407b5\node_modules\winston-transport\node_modules\readable-stream\lib\_stream_writable.js:302:11)
    at DerivedLogger.ondata (C:\Users\Administrator\AppData\Local\npm-cache\_npx\ba4f1959e38407b5\node_modules\winston\node_modules\readable-stream\lib\_stream_readable.js:629:20)
[error] 
[error] Error: An unexpected error has occurred.
[debug] [2026-08-15T17:33:13.285Z] Error: EPIPE: broken pipe, write
    at Socket._write (node:internal/net:63:18)
    at writeOrBuffer (node:internal/streams/writable:570:12)
    at _write (node:internal/streams/writable:499:10)
    at Writable.write (node:internal/streams/writable:508:10)
    at Console.log (C:\Users\Administrator\AppData\Local\npm-cache\_npx\ba4f1959e38407b5\node_modules\winston\lib\winston\transports\console.js:87:23)
    at Console._write (C:\Users\Administrator\AppData\Local\npm-cache\_npx\ba4f1959e38407b5\node_modules\winston-transport\modern.js:103:17)
    at doWrite (C:\Users\Administrator\AppData\Local\npm-cache\_npx\ba4f1959e38407b5\node_modules\winston-transport\node_modules\readable-stream\lib\_stream_writable.js:390:139)
    at writeOrBuffer (C:\Users\Administrator\AppData\Local\npm-cache\_npx\ba4f1959e38407b5\node_modules\winston-transport\node_modules\readable-stream\lib\_stream_writable.js:381:5)
    at Writable.write (C:\Users\Administrator\AppData\Local\npm-cache\_npx\ba4f1959e38407b5\node_modules\winston-transport\node_modules\readable-stream\lib\_stream_writable.js:302:11)
    at DerivedLogger.ondata (C:\Users\Administrator\AppData\Local\npm-cache\_npx\ba4f1959e38407b5\node_modules\winston\node_modules\readable-stream\lib\_stream_readable.js:629:20)
[error] 
[error] Error: An unexpected error has occurred.
[debug] [2026-08-15T17:33:13.287Z] Error: EPIPE: broken pipe, write
    at Socket._write (node:internal/net:63:18)
    at writeOrBuffer (node:internal/streams/writable:570:12)
    at _write (node:internal/streams/writable:499:10)
    at Writable.write (node:internal/streams/writable:508:10)
    at Console.log (C:\Users\Administrator\AppData\Local\npm-cache\_npx\ba4f1959e38407b5\node_modules\winston\lib\winston\transports\console.js:87:23)
    at Console._write (C:\Users\Administrator\AppData\Local\npm-cache\_npx\ba4f1959e38407b5\node_modules\winston-transport\modern.js:103:17)
    at doWrite (C:\Users\Administrator\AppData\Local\npm-cache\_npx\ba4f1959e38407b5\node_modules\winston-transport\node_modules\readable-stream\lib\_stream_writable.js:390:139)
    at writeOrBuffer (C:\Users\Administrator\AppData\Local\npm-cache\_npx\ba4f1959e38407b5\node_modules\winston-transport\node_modules\readable-stream\lib\_stream_writable.js:381:5)
    at Writable.write (C:\Users\Administrator\AppData\Local\npm-cache\_npx\ba4f1959e38407b5\node_modules\winston-transport\node_modules\readable-stream\lib\_stream_writable.js:302:11)
    at DerivedLogger.ondata (C:\Users\Administrator\AppData\Local\npm-cache\_npx\ba4f1959e38407b5\node_modules\winston\node_modules\readable-stream\lib\_stream_readable.js:629:20)
[error] 
[error] Error: An unexpected error has occurred.
[debug] [2026-08-15T17:33:13.288Z] Error: EPIPE: broken pipe, write
    at Socket._write (node:internal/net:63:18)
    at writeOrBuffer (node:internal/streams/writable:570:12)
    at _write (node:internal/streams/writable:499:10)
    at Writable.write (node:internal/streams/writable:508:10)
    at Console.log (C:\Users\Administrator\AppData\Local\npm-cache\_npx\ba4f1959e38407b5\node_modules\winston\lib\winston\transports\console.js:87:23)
    at Console._write (C:\Users\Administrator\AppData\Local\npm-cache\_npx\ba4f1959e38407b5\node_modules\winston-transport\modern.js:103:17)
    at doWrite (C:\Users\Administrator\AppData\Local\npm-cache\_npx\ba4f1959e38407b5\node_modules\winston-transport\node_modules\readable-stream\lib\_stream_writable.js:390:139)
    at writeOrBuffer (C:\Users\Administrator\AppData\Local\npm-cache\_npx\ba4f1959e38407b5\node_modules\winston-transport\node_modules\readable-stream\lib\_stream_writable.js:381:5)
    at Writable.write (C:\Users\Administrator\AppData\Local\npm-cache\_npx\ba4f1959e38407b5\node_modules\winston-transport\node_modules\readable-stream\lib\_stream_writable.js:302:11)
    at DerivedLogger.ondata (C:\Users\Administrator\AppData\Local\npm-cache\_npx\ba4f1959e38407b5\node_modules\winston\node_modules\readable-stream\lib\_stream_readable.js:629:20)
[error] 
[error] Error: An unexpected error has occurred.
[debug] [2026-08-15T17:33:13.289Z] Error: EPIPE: broken pipe, write
    at Socket._write (node:internal/net:63:18)
    at writeOrBuffer (node:internal/streams/writable:570:12)
    at _write (node:internal/streams/writable:499:10)
    at Writable.write (node:internal/streams/writable:508:10)
    at Console.log (C:\Users\Administrator\AppData\Local\npm-cache\_npx\ba4f1959e38407b5\node_modules\winston\lib\winston\transports\console.js:87:23)
    at Console._write (C:\Users\Administrator\AppData\Local\npm-cache\_npx\ba4f1959e38407b5\node_modules\winston-transport\modern.js:103:17)
    at doWrite (C:\Users\Administrator\AppData\Local\npm-cache\_npx\ba4f1959e38407b5\node_modules\winston-transport\node_modules\readable-stream\lib\_stream_writable.js:390:139)
    at writeOrBuffer (C:\Users\Administrator\AppData\Local\npm-cache\_npx\ba4f1959e38407b5\node_modules\winston-transport\node_modules\readable-stream\lib\_stream_writable.js:381:5)
    at Writable.write (C:\Users\Administrator\AppData\Local\npm-cache\_npx\ba4f1959e38407b5\node_modules\winston-transport\node_modules\readable-stream\lib\_stream_writable.js:302:11)
    at DerivedLogger.ondata (C:\Users\Administrator\AppData\Local\npm-cache\_npx\ba4f1959e38407b5\node_modules\winston\node_modules\readable-stream\lib\_stream_readable.js:629:20)
[error] 
[error] Error: An unexpected error has occurred.
[debug] [2026-08-15T17:33:13.291Z] Error: EPIPE: broken pipe, write
    at Socket._write (node:internal/net:63:18)
    at writeOrBuffer (node:internal/streams/writable:570:12)
    at _write (node:internal/streams/writable:499:10)
    at Writable.write (node:internal/streams/writable:508:10)
    at Console.log (C:\Users\Administrator\AppData\Local\npm-cache\_npx\ba4f1959e38407b5\node_modules\winston\lib\winston\transports\console.js:87:23)
    at Console._write (C:\Users\Administrator\AppData\Local\npm-cache\_npx\ba4f1959e38407b5\node_modules\winston-transport\modern.js:103:17)
    at doWrite (C:\Users\Administrator\AppData\Local\npm-cache\_npx\ba4f1959e38407b5\node_modules\winston-transport\node_modules\readable-stream\lib\_stream_writable.js:390:139)
    at writeOrBuffer (C:\Users\Administrator\AppData\Local\npm-cache\_npx\ba4f1959e38407b5\node_modules\winston-transport\node_modules\readable-stream\lib\_stream_writable.js:381:5)
    at Writable.write (C:\Users\Administrator\AppData\Local\npm-cache\_npx\ba4f1959e38407b5\node_modules\winston-transport\node_modules\readable-stream\lib\_stream_writable.js:302:11)
    at DerivedLogger.ondata (C:\Users\Administrator\AppData\Local\npm-cache\_npx\ba4f1959e38407b5\node_modules\winston\node_modules\readable-stream\lib\_stream_readable.js:629:20)
[error] 
[error] Error: An unexpected error has occurred.
[debug] [2026-08-15T17:33:13.292Z] Error: EPIPE: broken pipe, write
    at Socket._write (node:internal/net:63:18)
    at writeOrBuffer (node:internal/streams/writable:570:12)
    at _write (node:internal/streams/writable:499:10)
    at Writable.write (node:internal/streams/writable:508:10)
    at Console.log (C:\Users\Administrator\AppData\Local\npm-cache\_npx\ba4f1959e38407b5\node_modules\winston\lib\winston\transports\console.js:87:23)
    at Console._write (C:\Users\Administrator\AppData\Local\npm-cache\_npx\ba4f1959e38407b5\node_modules\winston-transport\modern.js:103:17)
    at doWrite (C:\Users\Administrator\AppData\Local\npm-cache\_npx\ba4f1959e38407b5\node_modules\winston-transport\node_modules\readable-stream\lib\_stream_writable.js:390:139)
    at writeOrBuffer (C:\Users\Administrator\AppData\Local\npm-cache\_npx\ba4f1959e38407b5\node_modules\winston-transport\node_modules\readable-stream\lib\_stream_writable.js:381:5)
    at Writable.write (C:\Users\Administrator\AppData\Local\npm-cache\_npx\ba4f1959e38407b5\node_modules\winston-transport\node_modules\readable-stream\lib\_stream_writable.js:302:11)
    at DerivedLogger.ondata (C:\Users\Administrator\AppData\Local\npm-cache\_npx\ba4f1959e38407b5\node_modules\winston\node_modules\readable-stream\lib\_stream_readable.js:629:20)
[error] 
[error] Error: An unexpected error has occurred.
[debug] [2026-08-15T17:33:13.293Z] Error: EPIPE: broken pipe, write
    at Socket._write (node:internal/net:63:18)
    at writeOrBuffer (node:internal/streams/writable:570:12)
    at _write (node:internal/streams/writable:499:10)
    at Writable.write (node:internal/streams/writable:508:10)
    at Console.log (C:\Users\Administrator\AppData\Local\npm-cache\_npx\ba4f1959e38407b5\node_modules\winston\lib\winston\transports\console.js:87:23)
    at Console._write (C:\Users\Administrator\AppData\Local\npm-cache\_npx\ba4f1959e38407b5\node_modules\winston-transport\modern.js:103:17)
    at doWrite (C:\Users\Administrator\AppData\Local\npm-cache\_npx\ba4f1959e38407b5\node_modules\winston-transport\node_modules\readable-stream\lib\_stream_writable.js:390:139)
    at writeOrBuffer (C:\Users\Administrator\AppData\Local\npm-cache\_npx\ba4f1959e38407b5\node_modules\winston-transport\node_modules\readable-stream\lib\_stream_writable.js:381:5)
    at Writable.write (C:\Users\Administrator\AppData\Local\npm-cache\_npx\ba4f1959e38407b5\node_modules\winston-transport\node_modules\readable-stream\lib\_stream_writable.js:302:11)
    at DerivedLogger.ondata (C:\Users\Administrator\AppData\Local\npm-cache\_npx\ba4f1959e38407b5\node_modules\winston\node_modules\readable-stream\lib\_stream_readable.js:629:20)
[error] 
[error] Error: An unexpected error has occurred.
[debug] [2026-08-15T17:33:13.294Z] Error: EPIPE: broken pipe, write
    at Socket._write (node:internal/net:63:18)
    at writeOrBuffer (node:internal/streams/writable:570:12)
    at _write (node:internal/streams/writable:499:10)
    at Writable.write (node:internal/streams/writable:508:10)
    at Console.log (C:\Users\Administrator\AppData\Local\npm-cache\_npx\ba4f1959e38407b5\node_modules\winston\lib\winston\transports\console.js:87:23)
    at Console._write (C:\Users\Administrator\AppData\Local\npm-cache\_npx\ba4f1959e38407b5\node_modules\winston-transport\modern.js:103:17)
    at doWrite (C:\Users\Administrator\AppData\Local\npm-cache\_npx\ba4f1959e38407b5\node_modules\winston-transport\node_modules\readable-stream\lib\_stream_writable.js:390:139)
    at writeOrBuffer (C:\Users\Administrator\AppData\Local\npm-cache\_npx\ba4f1959e38407b5\node_modules\winston-transport\node_modules\readable-stream\lib\_stream_writable.js:381:5)
    at Writable.write (C:\Users\Administrator\AppData\Local\npm-cache\_npx\ba4f1959e38407b5\node_modules\winston-transport\node_modules\readable-stream\lib\_stream_writable.js:302:11)
    at DerivedLogger.ondata (C:\Users\Administrator\AppData\Local\npm-cache\_npx\ba4f1959e38407b5\node_modules\winston\node_modules\readable-stream\lib\_stream_readable.js:629:20)
[error] 
[error] Error: An unexpected error has occurred.
[debug] [2026-08-15T17:33:13.295Z] Error: EPIPE: broken pipe, write
    at Socket._write (node:internal/net:63:18)
    at writeOrBuffer (node:internal/streams/writable:570:12)
    at _write (node:internal/streams/writable:499:10)
    at Writable.write (node:internal/streams/writable:508:10)
    at Console.log (C:\Users\Administrator\AppData\Local\npm-cache\_npx\ba4f1959e38407b5\node_modules\winston\lib\winston\transports\console.js:87:23)
    at Console._write (C:\Users\Administrator\AppData\Local\npm-cache\_npx\ba4f1959e38407b5\node_modules\winston-transport\modern.js:103:17)
    at doWrite (C:\Users\Administrator\AppData\Local\npm-cache\_npx\ba4f1959e38407b5\node_modules\winston-transport\node_modules\readable-stream\lib\_stream_writable.js:390:139)
    at writeOrBuffer (C:\Users\Administrator\AppData\Local\npm-cache\_npx\ba4f1959e38407b5\node_modules\winston-transport\node_modules\readable-stream\lib\_stream_writable.js:381:5)
    at Writable.write (C:\Users\Administrator\AppData\Local\npm-cache\_npx\ba4f1959e38407b5\node_modules\winston-transport\node_modules\readable-stream\lib\_stream_writable.js:302:11)
    at DerivedLogger.ondata (C:\Users\Administrator\AppData\Local\npm-cache\_npx\ba4f1959e38407b5\node_modules\winston\node_modules\readable-stream\lib\_stream_readable.js:629:20)
[error] 
[error] Error: An unexpected error has occurred.
[debug] [2026-08-15T17:33:13.296Z] Error: EPIPE: broken pipe, write
    at Socket._write (node:internal/net:63:18)
    at writeOrBuffer (node:internal/streams/writable:570:12)
    at _write (node:internal/streams/writable:499:10)
    at Writable.write (node:internal/streams/writable:508:10)
    at Console.log (C:\Users\Administrator\AppData\Local\npm-cache\_npx\ba4f1959e38407b5\node_modules\winston\lib\winston\transports\console.js:87:23)
    at Console._write (C:\Users\Administrator\AppData\Local\npm-cache\_npx\ba4f1959e38407b5\node_modules\winston-transport\modern.js:103:17)
    at doWrite (C:\Users\Administrator\AppData\Local\npm-cache\_npx\ba4f1959e38407b5\node_modules\winston-transport\node_modules\readable-stream\lib\_stream_writable.js:390:139)
    at writeOrBuffer (C:\Users\Administrator\AppData\Local\npm-cache\_npx\ba4f1959e38407b5\node_modules\winston-transport\node_modules\readable-stream\lib\_stream_writable.js:381:5)
    at Writable.write (C:\Users\Administrator\AppData\Local\npm-cache\_npx\ba4f1959e38407b5\node_modules\winston-transport\node_modules\readable-stream\lib\_stream_writable.js:302:11)
    at DerivedLogger.ondata (C:\Users\Administrator\AppData\Local\npm-cache\_npx\ba4f1959e38407b5\node_modules\winston\node_modules\readable-stream\lib\_stream_readable.js:629:20)
[error] 
[error] Error: An unexpected error has occurred.
[debug] [2026-08-15T17:33:13.298Z] Error: EPIPE: broken pipe, write
    at Socket._write (node:internal/net:63:18)
    at writeOrBuffer (node:internal/streams/writable:570:12)
    at _write (node:internal/streams/writable:499:10)
    at Writable.write (node:internal/streams/writable:508:10)
    at Console.log (C:\Users\Administrator\AppData\Local\npm-cache\_npx\ba4f1959e38407b5\node_modules\winston\lib\winston\transports\console.js:87:23)
    at Console._write (C:\Users\Administrator\AppData\Local\npm-cache\_npx\ba4f1959e38407b5\node_modules\winston-transport\modern.js:103:17)
    at doWrite (C:\Users\Administrator\AppData\Local\npm-cache\_npx\ba4f1959e38407b5\node_modules\winston-transport\node_modules\readable-stream\lib\_stream_writable.js:390:139)
    at writeOrBuffer (C:\Users\Administrator\AppData\Local\npm-cache\_npx\ba4f1959e38407b5\node_modules\winston-transport\node_modules\readable-stream\lib\_stream_writable.js:381:5)
    at Writable.write (C:\Users\Administrator\AppData\Local\npm-cache\_npx\ba4f1959e38407b5\node_modules\winston-transport\node_modules\readable-stream\lib\_stream_writable.js:302:11)
    at DerivedLogger.ondata (C:\Users\Administrator\AppData\Local\npm-cache\_npx\ba4f1959e38407b5\node_modules\winston\node_modules\readable-stream\lib\_stream_readable.js:629:20)
[error] 
[error] Error: An unexpected error has occurred.
[debug] [2026-08-15T17:33:13.299Z] Error: EPIPE: broken pipe, write
    at Socket._write (node:internal/net:63:18)
    at writeOrBuffer (node:internal/streams/writable:570:12)
    at _write (node:internal/streams/writable:499:10)
    at Writable.write (node:internal/streams/writable:508:10)
    at Console.log (C:\Users\Administrator\AppData\Local\npm-cache\_npx\ba4f1959e38407b5\node_modules\winston\lib\winston\transports\console.js:87:23)
    at Console._write (C:\Users\Administrator\AppData\Local\npm-cache\_npx\ba4f1959e38407b5\node_modules\winston-transport\modern.js:103:17)
    at doWrite (C:\Users\Administrator\AppData\Local\npm-cache\_npx\ba4f1959e38407b5\node_modules\winston-transport\node_modules\readable-stream\lib\_stream_writable.js:390:139)
    at writeOrBuffer (C:\Users\Administrator\AppData\Local\npm-cache\_npx\ba4f1959e38407b5\node_modules\winston-transport\node_modules\readable-stream\lib\_stream_writable.js:381:5)
    at Writable.write (C:\Users\Administrator\AppData\Local\npm-cache\_npx\ba4f1959e38407b5\node_modules\winston-transport\node_modules\readable-stream\lib\_stream_writable.js:302:11)
    at DerivedLogger.ondata (C:\Users\Administrator\AppData\Local\npm-cache\_npx\ba4f1959e38407b5\node_modules\winston\node_modules\readable-stream\lib\_stream_readable.js:629:20)
[error] 
[error] Error: An unexpected error has occurred.
[debug] [2026-08-15T17:33:13.300Z] Error: EPIPE: broken pipe, write
    at Socket._write (node:internal/net:63:18)
    at writeOrBuffer (node:internal/streams/writable:570:12)
    at _write (node:internal/streams/writable:499:10)
    at Writable.write (node:internal/streams/writable:508:10)
    at Console.log (C:\Users\Administrator\AppData\Local\npm-cache\_npx\ba4f1959e38407b5\node_modules\winston\lib\winston\transports\console.js:87:23)
    at Console._write (C:\Users\Administrator\AppData\Local\npm-cache\_npx\ba4f1959e38407b5\node_modules\winston-transport\modern.js:103:17)
    at doWrite (C:\Users\Administrator\AppData\Local\npm-cache\_npx\ba4f1959e38407b5\node_modules\winston-transport\node_modules\readable-stream\lib\_stream_writable.js:390:139)
    at writeOrBuffer (C:\Users\Administrator\AppData\Local\npm-cache\_npx\ba4f1959e38407b5\node_modules\winston-transport\node_modules\readable-stream\lib\_stream_writable.js:381:5)
    at Writable.write (C:\Users\Administrator\AppData\Local\npm-cache\_npx\ba4f1959e38407b5\node_modules\winston-transport\node_modules\readable-stream\lib\_stream_writable.js:302:11)
    at DerivedLogger.ondata (C:\Users\Administrator\AppData\Local\npm-cache\_npx\ba4f1959e38407b5\node_modules\winston\node_modules\readable-stream\lib\_stream_readable.js:629:20)
[error] 
[error] Error: An unexpected error has occurred.
[debug] [2026-08-15T17:33:13.301Z] Error: EPIPE: broken pipe, write
    at Socket._write (node:internal/net:63:18)
    at writeOrBuffer (node:internal/streams/writable:570:12)
    at _write (node:internal/streams/writable:499:10)
    at Writable.write (node:internal/streams/writable:508:10)
    at Console.log (C:\Users\Administrator\AppData\Local\npm-cache\_npx\ba4f1959e38407b5\node_modules\winston\lib\winston\transports\console.js:87:23)
    at Console._write (C:\Users\Administrator\AppData\Local\npm-cache\_npx\ba4f1959e38407b5\node_modules\winston-transport\modern.js:103:17)
    at doWrite (C:\Users\Administrator\AppData\Local\npm-cache\_npx\ba4f1959e38407b5\node_modules\winston-transport\node_modules\readable-stream\lib\_stream_writable.js:390:139)
    at writeOrBuffer (C:\Users\Administrator\AppData\Local\npm-cache\_npx\ba4f1959e38407b5\node_modules\winston-transport\node_modules\readable-stream\lib\_stream_writable.js:381:5)
    at Writable.write (C:\Users\Administrator\AppData\Local\npm-cache\_npx\ba4f1959e38407b5\node_modules\winston-transport\node_modules\readable-stream\lib\_stream_writable.js:302:11)
    at DerivedLogger.ondata (C:\Users\Administrator\AppData\Local\npm-cache\_npx\ba4f1959e38407b5\node_modules\winston\node_modules\readable-stream\lib\_stream_readable.js:629:20)
[error] 
[error] Error: An unexpected error has occurred.
[debug] [2026-08-15T17:33:13.303Z] Error: EPIPE: broken pipe, write
    at Socket._write (node:internal/net:63:18)
    at writeOrBuffer (node:internal/streams/writable:570:12)
    at _write (node:internal/streams/writable:499:10)
    at Writable.write (node:internal/streams/writable:508:10)
    at Console.log (C:\Users\Administrator\AppData\Local\npm-cache\_npx\ba4f1959e38407b5\node_modules\winston\lib\winston\transports\console.js:87:23)
    at Console._write (C:\Users\Administrator\AppData\Local\npm-cache\_npx\ba4f1959e38407b5\node_modules\winston-transport\modern.js:103:17)
    at doWrite (C:\Users\Administrator\AppData\Local\npm-cache\_npx\ba4f1959e38407b5\node_modules\winston-transport\node_modules\readable-stream\lib\_stream_writable.js:390:139)
    at writeOrBuffer (C:\Users\Administrator\AppData\Local\npm-cache\_npx\ba4f1959e38407b5\node_modules\winston-transport\node_modules\readable-stream\lib\_stream_writable.js:381:5)
    at Writable.write (C:\Users\Administrator\AppData\Local\npm-cache\_npx\ba4f1959e38407b5\node_modules\winston-transport\node_modules\readable-stream\lib\_stream_writable.js:302:11)
    at DerivedLogger.ondata (C:\Users\Administrator\AppData\Local\npm-cache\_npx\ba4f1959e38407b5\node_modules\winston\node_modules\readable-stream\lib\_stream_readable.js:629:20)
[error] 
[error] Error: An unexpected error has occurred.
[debug] [2026-08-15T17:33:13.304Z] Error: EPIPE: broken pipe, write
    at Socket._write (node:internal/net:63:18)
    at writeOrBuffer (node:internal/streams/writable:570:12)
    at _write (node:internal/streams/writable:499:10)
    at Writable.write (node:internal/streams/writable:508:10)
    at Console.log (C:\Users\Administrator\AppData\Local\npm-cache\_npx\ba4f1959e38407b5\node_modules\winston\lib\winston\transports\console.js:87:23)
    at Console._write (C:\Users\Administrator\AppData\Local\npm-cache\_npx\ba4f1959e38407b5\node_modules\winston-transport\modern.js:103:17)
    at doWrite (C:\Users\Administrator\AppData\Local\npm-cache\_npx\ba4f1959e38407b5\node_modules\winston-transport\node_modules\readable-stream\lib\_stream_writable.js:390:139)
    at writeOrBuffer (C:\Users\Administrator\AppData\Local\npm-cache\_npx\ba4f1959e38407b5\node_modules\winston-transport\node_modules\readable-stream\lib\_stream_writable.js:381:5)
    at Writable.write (C:\Users\Administrator\AppData\Local\npm-cache\_npx\ba4f1959e38407b5\node_modules\winston-transport\node_modules\readable-stream\lib\_stream_writable.js:302:11)
    at DerivedLogger.ondata (C:\Users\Administrator\AppData\Local\npm-cache\_npx\ba4f1959e38407b5\node_modules\winston\node_modules\readable-stream\lib\_stream_readable.js:629:20)
[error] 
[error] Error: An unexpected error has occurred.
[debug] [2026-08-15T17:33:13.305Z] Error: EPIPE: broken pipe, write
    at Socket._write (node:internal/net:63:18)
    at writeOrBuffer (node:internal/streams/writable:570:12)
    at _write (node:internal/streams/writable:499:10)
    at Writable.write (node:internal/streams/writable:508:10)
    at Console.log (C:\Users\Administrator\AppData\Local\npm-cache\_npx\ba4f1959e38407b5\node_modules\winston\lib\winston\transports\console.js:87:23)
    at Console._write (C:\Users\Administrator\AppData\Local\npm-cache\_npx\ba4f1959e38407b5\node_modules\winston-transport\modern.js:103:17)
    at doWrite (C:\Users\Administrator\AppData\Local\npm-cache\_npx\ba4f1959e38407b5\node_modules\winston-transport\node_modules\readable-stream\lib\_stream_writable.js:390:139)
    at writeOrBuffer (C:\Users\Administrator\AppData\Local\npm-cache\_npx\ba4f1959e38407b5\node_modules\winston-transport\node_modules\readable-stream\lib\_stream_writable.js:381:5)
    at Writable.write (C:\Users\Administrator\AppData\Local\npm-cache\_npx\ba4f1959e38407b5\node_modules\winston-transport\node_modules\readable-stream\lib\_stream_writable.js:302:11)
    at DerivedLogger.ondata (C:\Users\Administrator\AppData\Local\npm-cache\_npx\ba4f1959e38407b5\node_modules\winston\node_modules\readable-stream\lib\_stream_readable.js:629:20)
[error] 
[error] Error: An unexpected error has occurred.
[debug] [2026-08-15T17:33:13.306Z] Error: EPIPE: broken pipe, write
    at Socket._write (node:internal/net:63:18)
    at writeOrBuffer (node:internal/streams/writable:570:12)
    at _write (node:internal/streams/writable:499:10)
    at Writable.write (node:internal/streams/writable:508:10)
    at Console.log (C:\Users\Administrator\AppData\Local\npm-cache\_npx\ba4f1959e38407b5\node_modules\winston\lib\winston\transports\console.js:87:23)
    at Console._write (C:\Users\Administrator\AppData\Local\npm-cache\_npx\ba4f1959e38407b5\node_modules\winston-transport\modern.js:103:17)
    at doWrite (C:\Users\Administrator\AppData\Local\npm-cache\_npx\ba4f1959e38407b5\node_modules\winston-transport\node_modules\readable-stream\lib\_stream_writable.js:390:139)
    at writeOrBuffer (C:\Users\Administrator\AppData\Local\npm-cache\_npx\ba4f1959e38407b5\node_modules\winston-transport\node_modules\readable-stream\lib\_stream_writable.js:381:5)
    at Writable.write (C:\Users\Administrator\AppData\Local\npm-cache\_npx\ba4f1959e38407b5\node_modules\winston-transport\node_modules\readable-stream\lib\_stream_writable.js:302:11)
    at DerivedLogger.ondata (C:\Users\Administrator\AppData\Local\npm-cache\_npx\ba4f1959e38407b5\node_modules\winston\node_modules\readable-stream\lib\_stream_readable.js:629:20)
[error] 
[error] Error: An unexpected error has occurred.
[debug] [2026-08-15T17:33:13.310Z] Error: EPIPE: broken pipe, write
    at Socket._write (node:internal/net:63:18)
    at writeOrBuffer (node:internal/streams/writable:570:12)
    at _write (node:internal/streams/writable:499:10)
    at Writable.write (node:internal/streams/writable:508:10)
    at Console.log (C:\Users\Administrator\AppData\Local\npm-cache\_npx\ba4f1959e38407b5\node_modules\winston\lib\winston\transports\console.js:87:23)
    at Console._write (C:\Users\Administrator\AppData\Local\npm-cache\_npx\ba4f1959e38407b5\node_modules\winston-transport\modern.js:103:17)
    at doWrite (C:\Users\Administrator\AppData\Local\npm-cache\_npx\ba4f1959e38407b5\node_modules\winston-transport\node_modules\readable-stream\lib\_stream_writable.js:390:139)
    at writeOrBuffer (C:\Users\Administrator\AppData\Local\npm-cache\_npx\ba4f1959e38407b5\node_modules\winston-transport\node_modules\readable-stream\lib\_stream_writable.js:381:5)
    at Writable.write (C:\Users\Administrator\AppData\Local\npm-cache\_npx\ba4f1959e38407b5\node_modules\winston-transport\node_modules\readable-stream\lib\_stream_writable.js:302:11)
    at DerivedLogger.ondata (C:\Users\Administrator\AppData\Local\npm-cache\_npx\ba4f1959e38407b5\node_modules\winston\node_modules\readable-stream\lib\_stream_readable.js:629:20)
[error] 
[error] Error: An unexpected error has occurred.
[debug] [2026-08-15T17:33:13.312Z] Error: EPIPE: broken pipe, write
    at Socket._write (node:internal/net:63:18)
    at writeOrBuffer (node:internal/streams/writable:570:12)
    at _write (node:internal/streams/writable:499:10)
    at Writable.write (node:internal/streams/writable:508:10)
    at Console.log (C:\Users\Administrator\AppData\Local\npm-cache\_npx\ba4f1959e38407b5\node_modules\winston\lib\winston\transports\console.js:87:23)
    at Console._write (C:\Users\Administrator\AppData\Local\npm-cache\_npx\ba4f1959e38407b5\node_modules\winston-transport\modern.js:103:17)
    at doWrite (C:\Users\Administrator\AppData\Local\npm-cache\_npx\ba4f1959e38407b5\node_modules\winston-transport\node_modules\readable-stream\lib\_stream_writable.js:390:139)
    at writeOrBuffer (C:\Users\Administrator\AppData\Local\npm-cache\_npx\ba4f1959e38407b5\node_modules\winston-transport\node_modules\readable-stream\lib\_stream_writable.js:381:5)
    at Writable.write (C:\Users\Administrator\AppData\Local\npm-cache\_npx\ba4f1959e38407b5\node_modules\winston-transport\node_modules\readable-stream\lib\_stream_writable.js:302:11)
    at DerivedLogger.ondata (C:\Users\Administrator\AppData\Local\npm-cache\_npx\ba4f1959e38407b5\node_modules\winston\node_modules\readable-stream\lib\_stream_readable.js:629:20)
[error] 
[error] Error: An unexpected error has occurred.
[debug] [2026-08-15T17:33:13.313Z] Error: EPIPE: broken pipe, write
    at Socket._write (node:internal/net:63:18)
    at writeOrBuffer (node:internal/streams/writable:570:12)
    at _write (node:internal/streams/writable:499:10)
    at Writable.write (node:internal/streams/writable:508:10)
    at Console.log (C:\Users\Administrator\AppData\Local\npm-cache\_npx\ba4f1959e38407b5\node_modules\winston\lib\winston\transports\console.js:87:23)
    at Console._write (C:\Users\Administrator\AppData\Local\npm-cache\_npx\ba4f1959e38407b5\node_modules\winston-transport\modern.js:103:17)
    at doWrite (C:\Users\Administrator\AppData\Local\npm-cache\_npx\ba4f1959e38407b5\node_modules\winston-transport\node_modules\readable-stream\lib\_stream_writable.js:390:139)
    at writeOrBuffer (C:\Users\Administrator\AppData\Local\npm-cache\_npx\ba4f1959e38407b5\node_modules\winston-transport\node_modules\readable-stream\lib\_stream_writable.js:381:5)
    at Writable.write (C:\Users\Administrator\AppData\Local\npm-cache\_npx\ba4f1959e38407b5\node_modules\winston-transport\node_modules\readable-stream\lib\_stream_writable.js:302:11)
    at DerivedLogger.ondata (C:\Users\Administrator\AppData\Local\npm-cache\_npx\ba4f1959e38407b5\node_modules\winston\node_modules\readable-stream\lib\_stream_readable.js:629:20)
[error] 
[error] Error: An unexpected error has occurred.
[debug] [2026-08-15T17:33:13.314Z] Error: EPIPE: broken pipe, write
    at Socket._write (node:internal/net:63:18)
    at writeOrBuffer (node:internal/streams/writable:570:12)
    at _write (node:internal/streams/writable:499:10)
    at Writable.write (node:internal/streams/writable:508:10)
    at Console.log (C:\Users\Administrator\AppData\Local\npm-cache\_npx\ba4f1959e38407b5\node_modules\winston\lib\winston\transports\console.js:87:23)
    at Console._write (C:\Users\Administrator\AppData\Local\npm-cache\_npx\ba4f1959e38407b5\node_modules\winston-transport\modern.js:103:17)
    at doWrite (C:\Users\Administrator\AppData\Local\npm-cache\_npx\ba4f1959e38407b5\node_modules\winston-transport\node_modules\readable-stream\lib\_stream_writable.js:390:139)
    at writeOrBuffer (C:\Users\Administrator\AppData\Local\npm-cache\_npx\ba4f1959e38407b5\node_modules\winston-transport\node_modules\readable-stream\lib\_stream_writable.js:381:5)
    at Writable.write (C:\Users\Administrator\AppData\Local\npm-cache\_npx\ba4f1959e38407b5\node_modules\winston-transport\node_modules\readable-stream\lib\_stream_writable.js:302:11)
    at DerivedLogger.ondata (C:\Users\Administrator\AppData\Local\npm-cache\_npx\ba4f1959e38407b5\node_modules\winston\node_modules\readable-stream\lib\_stream_readable.js:629:20)
[error] 
[error] Error: An unexpected error has occurred.
[debug] [2026-08-15T17:33:13.318Z] Error: EPIPE: broken pipe, write
    at Socket._write (node:internal/net:63:18)
    at writeOrBuffer (node:internal/streams/writable:570:12)
    at _write (node:internal/streams/writable:499:10)
    at Writable.write (node:internal/streams/writable:508:10)
    at Console.log (C:\Users\Administrator\AppData\Local\npm-cache\_npx\ba4f1959e38407b5\node_modules\winston\lib\winston\transports\console.js:87:23)
    at Console._write (C:\Users\Administrator\AppData\Local\npm-cache\_npx\ba4f1959e38407b5\node_modules\winston-transport\modern.js:103:17)
    at doWrite (C:\Users\Administrator\AppData\Local\npm-cache\_npx\ba4f1959e38407b5\node_modules\winston-transport\node_modules\readable-stream\lib\_stream_writable.js:390:139)
    at writeOrBuffer (C:\Users\Administrator\AppData\Local\npm-cache\_npx\ba4f1959e38407b5\node_modules\winston-transport\node_modules\readable-stream\lib\_stream_writable.js:381:5)
    at Writable.write (C:\Users\Administrator\AppData\Local\npm-cache\_npx\ba4f1959e38407b5\node_modules\winston-transport\node_modules\readable-stream\lib\_stream_writable.js:302:11)
    at DerivedLogger.ondata (C:\Users\Administrator\AppData\Local\npm-cache\_npx\ba4f1959e38407b5\node_modules\winston\node_modules\readable-stream\lib\_stream_readable.js:629:20)
[error] 
[error] Error: An unexpected error has occurred.
[debug] [2026-08-15T17:33:13.319Z] Error: EPIPE: broken pipe, write
    at Socket._write (node:internal/net:63:18)
    at writeOrBuffer (node:internal/streams/writable:570:12)
    at _write (node:internal/streams/writable:499:10)
    at Writable.write (node:internal/streams/writable:508:10)
    at Console.log (C:\Users\Administrator\AppData\Local\npm-cache\_npx\ba4f1959e38407b5\node_modules\winston\lib\winston\transports\console.js:87:23)
    at Console._write (C:\Users\Administrator\AppData\Local\npm-cache\_npx\ba4f1959e38407b5\node_modules\winston-transport\modern.js:103:17)
    at doWrite (C:\Users\Administrator\AppData\Local\npm-cache\_npx\ba4f1959e38407b5\node_modules\winston-transport\node_modules\readable-stream\lib\_stream_writable.js:390:139)
    at writeOrBuffer (C:\Users\Administrator\AppData\Local\npm-cache\_npx\ba4f1959e38407b5\node_modules\winston-transport\node_modules\readable-stream\lib\_stream_writable.js:381:5)
    at Writable.write (C:\Users\Administrator\AppData\Local\npm-cache\_npx\ba4f1959e38407b5\node_modules\winston-transport\node_modules\readable-stream\lib\_stream_writable.js:302:11)
    at DerivedLogger.ondata (C:\Users\Administrator\AppData\Local\npm-cache\_npx\ba4f1959e38407b5\node_modules\winston\node_modules\readable-stream\lib\_stream_readable.js:629:20)
[error] 
[error] Error: An unexpected error has occurred.
[debug] [2026-08-15T17:33:13.321Z] Error: EPIPE: broken pipe, write
    at Socket._write (node:internal/net:63:18)
    at writeOrBuffer (node:internal/streams/writable:570:12)
    at _write (node:internal/streams/writable:499:10)
    at Writable.write (node:internal/streams/writable:508:10)
    at Console.log (C:\Users\Administrator\AppData\Local\npm-cache\_npx\ba4f1959e38407b5\node_modules\winston\lib\winston\transports\console.js:87:23)
    at Console._write (C:\Users\Administrator\AppData\Local\npm-cache\_npx\ba4f1959e38407b5\node_modules\winston-transport\modern.js:103:17)
    at doWrite (C:\Users\Administrator\AppData\Local\npm-cache\_npx\ba4f1959e38407b5\node_modules\winston-transport\node_modules\readable-stream\lib\_stream_writable.js:390:139)
    at writeOrBuffer (C:\Users\Administrator\AppData\Local\npm-cache\_npx\ba4f1959e38407b5\node_modules\winston-transport\node_modules\readable-stream\lib\_stream_writable.js:381:5)
    at Writable.write (C:\Users\Administrator\AppData\Local\npm-cache\_npx\ba4f1959e38407b5\node_modules\winston-transport\node_modules\readable-stream\lib\_stream_writable.js:302:11)
    at DerivedLogger.ondata (C:\Users\Administrator\AppData\Local\npm-cache\_npx\ba4f1959e38407b5\node_modules\winston\node_modules\readable-stream\lib\_stream_readable.js:629:20)
[error] 
[error] Error: An unexpected error has occurred.
[debug] [2026-08-15T17:33:13.322Z] Error: EPIPE: broken pipe, write
    at Socket._write (node:internal/net:63:18)
    at writeOrBuffer (node:internal/streams/writable:570:12)
    at _write (node:internal/streams/writable:499:10)
    at Writable.write (node:internal/streams/writable:508:10)
    at Console.log (C:\Users\Administrator\AppData\Local\npm-cache\_npx\ba4f1959e38407b5\node_modules\winston\lib\winston\transports\console.js:87:23)
    at Console._write (C:\Users\Administrator\AppData\Local\npm-cache\_npx\ba4f1959e38407b5\node_modules\winston-transport\modern.js:103:17)
    at doWrite (C:\Users\Administrator\AppData\Local\npm-cache\_npx\ba4f1959e38407b5\node_modules\winston-transport\node_modules\readable-stream\lib\_stream_writable.js:390:139)
    at writeOrBuffer (C:\Users\Administrator\AppData\Local\npm-cache\_npx\ba4f1959e38407b5\node_modules\winston-transport\node_modules\readable-stream\lib\_stream_writable.js:381:5)
    at Writable.write (C:\Users\Administrator\AppData\Local\npm-cache\_npx\ba4f1959e38407b5\node_modules\winston-transport\node_modules\readable-stream\lib\_stream_writable.js:302:11)
    at DerivedLogger.ondata (C:\Users\Administrator\AppData\Local\npm-cache\_npx\ba4f1959e38407b5\node_modules\winston\node_modules\readable-stream\lib\_stream_readable.js:629:20)
[error] 
[error] Error: An unexpected error has occurred.
[debug] [2026-08-15T17:33:13.325Z] Error: EPIPE: broken pipe, write
    at Socket._write (node:internal/net:63:18)
    at writeOrBuffer (node:internal/streams/writable:570:12)
    at _write (node:internal/streams/writable:499:10)
    at Writable.write (node:internal/streams/writable:508:10)
    at Console.log (C:\Users\Administrator\AppData\Local\npm-cache\_npx\ba4f1959e38407b5\node_modules\winston\lib\winston\transports\console.js:87:23)
    at Console._write (C:\Users\Administrator\AppData\Local\npm-cache\_npx\ba4f1959e38407b5\node_modules\winston-transport\modern.js:103:17)
    at doWrite (C:\Users\Administrator\AppData\Local\npm-cache\_npx\ba4f1959e38407b5\node_modules\winston-transport\node_modules\readable-stream\lib\_stream_writable.js:390:139)
    at writeOrBuffer (C:\Users\Administrator\AppData\Local\npm-cache\_npx\ba4f1959e38407b5\node_modules\winston-transport\node_modules\readable-stream\lib\_stream_writable.js:381:5)
    at Writable.write (C:\Users\Administrator\AppData\Local\npm-cache\_npx\ba4f1959e38407b5\node_modules\winston-transport\node_modules\readable-stream\lib\_stream_writable.js:302:11)
    at DerivedLogger.ondata (C:\Users\Administrator\AppData\Local\npm-cache\_npx\ba4f1959e38407b5\node_modules\winston\node_modules\readable-stream\lib\_stream_readable.js:629:20)
[error] 
[error] Error: An unexpected error has occurred.
[debug] [2026-08-15T17:33:13.326Z] Error: EPIPE: broken pipe, write
    at Socket._write (node:internal/net:63:18)
    at writeOrBuffer (node:internal/streams/writable:570:12)
    at _write (node:internal/streams/writable:499:10)
    at Writable.write (node:internal/streams/writable:508:10)
    at Console.log (C:\Users\Administrator\AppData\Local\npm-cache\_npx\ba4f1959e38407b5\node_modules\winston\lib\winston\transports\console.js:87:23)
    at Console._write (C:\Users\Administrator\AppData\Local\npm-cache\_npx\ba4f1959e38407b5\node_modules\winston-transport\modern.js:103:17)
    at doWrite (C:\Users\Administrator\AppData\Local\npm-cache\_npx\ba4f1959e38407b5\node_modules\winston-transport\node_modules\readable-stream\lib\_stream_writable.js:390:139)
    at writeOrBuffer (C:\Users\Administrator\AppData\Local\npm-cache\_npx\ba4f1959e38407b5\node_modules\winston-transport\node_modules\readable-stream\lib\_stream_writable.js:381:5)
    at Writable.write (C:\Users\Administrator\AppData\Local\npm-cache\_npx\ba4f1959e38407b5\node_modules\winston-transport\node_modules\readable-stream\lib\_stream_writable.js:302:11)
    at DerivedLogger.ondata (C:\Users\Administrator\AppData\Local\npm-cache\_npx\ba4f1959e38407b5\node_modules\winston\node_modules\readable-stream\lib\_stream_readable.js:629:20)
[error] 
[error] Error: An unexpected error has occurred.
[debug] [2026-08-15T17:33:13.327Z] Error: EPIPE: broken pipe, write
    at Socket._write (node:internal/net:63:18)
    at writeOrBuffer (node:internal/streams/writable:570:12)
    at _write (node:internal/streams/writable:499:10)
    at Writable.write (node:internal/streams/writable:508:10)
    at Console.log (C:\Users\Administrator\AppData\Local\npm-cache\_npx\ba4f1959e38407b5\node_modules\winston\lib\winston\transports\console.js:87:23)
    at Console._write (C:\Users\Administrator\AppData\Local\npm-cache\_npx\ba4f1959e38407b5\node_modules\winston-transport\modern.js:103:17)
    at doWrite (C:\Users\Administrator\AppData\Local\npm-cache\_npx\ba4f1959e38407b5\node_modules\winston-transport\node_modules\readable-stream\lib\_stream_writable.js:390:139)
    at writeOrBuffer (C:\Users\Administrator\AppData\Local\npm-cache\_npx\ba4f1959e38407b5\node_modules\winston-transport\node_modules\readable-stream\lib\_stream_writable.js:381:5)
    at Writable.write (C:\Users\Administrator\AppData\Local\npm-cache\_npx\ba4f1959e38407b5\node_modules\winston-transport\node_modules\readable-stream\lib\_stream_writable.js:302:11)
    at DerivedLogger.ondata (C:\Users\Administrator\AppData\Local\npm-cache\_npx\ba4f1959e38407b5\node_modules\winston\node_modules\readable-stream\lib\_stream_readable.js:629:20)
[error] 
[error] Error: An unexpected error has occurred.
[debug] [2026-08-15T17:33:13.328Z] Error: EPIPE: broken pipe, write
    at Socket._write (node:internal/net:63:18)
    at writeOrBuffer (node:internal/streams/writable:570:12)
    at _write (node:internal/streams/writable:499:10)
    at Writable.write (node:internal/streams/writable:508:10)
    at Console.log (C:\Users\Administrator\AppData\Local\npm-cache\_npx\ba4f1959e38407b5\node_modules\winston\lib\winston\transports\console.js:87:23)
    at Console._write (C:\Users\Administrator\AppData\Local\npm-cache\_npx\ba4f1959e38407b5\node_modules\winston-transport\modern.js:103:17)
    at doWrite (C:\Users\Administrator\AppData\Local\npm-cache\_npx\ba4f1959e38407b5\node_modules\winston-transport\node_modules\readable-stream\lib\_stream_writable.js:390:139)
    at writeOrBuffer (C:\Users\Administrator\AppData\Local\npm-cache\_npx\ba4f1959e38407b5\node_modules\winston-transport\node_modules\readable-stream\lib\_stream_writable.js:381:5)
    at Writable.write (C:\Users\Administrator\AppData\Local\npm-cache\_npx\ba4f1959e38407b5\node_modules\winston-transport\node_modules\readable-stream\lib\_stream_writable.js:302:11)
    at DerivedLogger.ondata (C:\Users\Administrator\AppData\Local\npm-cache\_npx\ba4f1959e38407b5\node_modules\winston\node_modules\readable-stream\lib\_stream_readable.js:629:20)
[error] 
[error] Error: An unexpected error has occurred.
[debug] [2026-08-15T17:33:13.328Z] Error: EPIPE: broken pipe, write
    at Socket._write (node:internal/net:63:18)
    at writeOrBuffer (node:internal/streams/writable:570:12)
    at _write (node:internal/streams/writable:499:10)
    at Writable.write (node:internal/streams/writable:508:10)
    at Console.log (C:\Users\Administrator\AppData\Local\npm-cache\_npx\ba4f1959e38407b5\node_modules\winston\lib\winston\transports\console.js:87:23)
    at Console._write (C:\Users\Administrator\AppData\Local\npm-cache\_npx\ba4f1959e38407b5\node_modules\winston-transport\modern.js:103:17)
    at doWrite (C:\Users\Administrator\AppData\Local\npm-cache\_npx\ba4f1959e38407b5\node_modules\winston-transport\node_modules\readable-stream\lib\_stream_writable.js:390:139)
    at writeOrBuffer (C:\Users\Administrator\AppData\Local\npm-cache\_npx\ba4f1959e38407b5\node_modules\winston-transport\node_modules\readable-stream\lib\_stream_writable.js:381:5)
    at Writable.write (C:\Users\Administrator\AppData\Local\npm-cache\_npx\ba4f1959e38407b5\node_modules\winston-transport\node_modules\readable-stream\lib\_stream_writable.js:302:11)
    at DerivedLogger.ondata (C:\Users\Administrator\AppData\Local\npm-cache\_npx\ba4f1959e38407b5\node_modules\winston\node_modules\readable-stream\lib\_stream_readable.js:629:20)
[error] 
[error] Error: An unexpected error has occurred.
[debug] [2026-08-15T17:33:13.329Z] Error: EPIPE: broken pipe, write
    at Socket._write (node:internal/net:63:18)
    at writeOrBuffer (node:internal/streams/writable:570:12)
    at _write (node:internal/streams/writable:499:10)
    at Writable.write (node:internal/streams/writable:508:10)
    at Console.log (C:\Users\Administrator\AppData\Local\npm-cache\_npx\ba4f1959e38407b5\node_modules\winston\lib\winston\transports\console.js:87:23)
    at Console._write (C:\Users\Administrator\AppData\Local\npm-cache\_npx\ba4f1959e38407b5\node_modules\winston-transport\modern.js:103:17)
    at doWrite (C:\Users\Administrator\AppData\Local\npm-cache\_npx\ba4f1959e38407b5\node_modules\winston-transport\node_modules\readable-stream\lib\_stream_writable.js:390:139)
    at writeOrBuffer (C:\Users\Administrator\AppData\Local\npm-cache\_npx\ba4f1959e38407b5\node_modules\winston-transport\node_modules\readable-stream\lib\_stream_writable.js:381:5)
    at Writable.write (C:\Users\Administrator\AppData\Local\npm-cache\_npx\ba4f1959e38407b5\node_modules\winston-transport\node_modules\readable-stream\lib\_stream_writable.js:302:11)
    at DerivedLogger.ondata (C:\Users\Administrator\AppData\Local\npm-cache\_npx\ba4f1959e38407b5\node_modules\winston\node_modules\readable-stream\lib\_stream_readable.js:629:20)
[error] 
[error] Error: An unexpected error has occurred.
[debug] [2026-08-15T17:33:13.330Z] Error: EPIPE: broken pipe, write
    at Socket._write (node:internal/net:63:18)
    at writeOrBuffer (node:internal/streams/writable:570:12)
    at _write (node:internal/streams/writable:499:10)
    at Writable.write (node:internal/streams/writable:508:10)
    at Console.log (C:\Users\Administrator\AppData\Local\npm-cache\_npx\ba4f1959e38407b5\node_modules\winston\lib\winston\transports\console.js:87:23)
    at Console._write (C:\Users\Administrator\AppData\Local\npm-cache\_npx\ba4f1959e38407b5\node_modules\winston-transport\modern.js:103:17)
    at doWrite (C:\Users\Administrator\AppData\Local\npm-cache\_npx\ba4f1959e38407b5\node_modules\winston-transport\node_modules\readable-stream\lib\_stream_writable.js:390:139)
    at writeOrBuffer (C:\Users\Administrator\AppData\Local\npm-cache\_npx\ba4f1959e38407b5\node_modules\winston-transport\node_modules\readable-stream\lib\_stream_writable.js:381:5)
    at Writable.write (C:\Users\Administrator\AppData\Local\npm-cache\_npx\ba4f1959e38407b5\node_modules\winston-transport\node_modules\readable-stream\lib\_stream_writable.js:302:11)
    at DerivedLogger.ondata (C:\Users\Administrator\AppData\Local\npm-cache\_npx\ba4f1959e38407b5\node_modules\winston\node_modules\readable-stream\lib\_stream_readable.js:629:20)
[error] 
[error] Error: An unexpected error has occurred.
[debug] [2026-08-15T17:33:13.331Z] Error: EPIPE: broken pipe, write
    at Socket._write (node:internal/net:63:18)
    at writeOrBuffer (node:internal/streams/writable:570:12)
    at _write (node:internal/streams/writable:499:10)
    at Writable.write (node:internal/streams/writable:508:10)
    at Console.log (C:\Users\Administrator\AppData\Local\npm-cache\_npx\ba4f1959e38407b5\node_modules\winston\lib\winston\transports\console.js:87:23)
    at Console._write (C:\Users\Administrator\AppData\Local\npm-cache\_npx\ba4f1959e38407b5\node_modules\winston-transport\modern.js:103:17)
    at doWrite (C:\Users\Administrator\AppData\Local\npm-cache\_npx\ba4f1959e38407b5\node_modules\winston-transport\node_modules\readable-stream\lib\_stream_writable.js:390:139)
    at writeOrBuffer (C:\Users\Administrator\AppData\Local\npm-cache\_npx\ba4f1959e38407b5\node_modules\winston-transport\node_modules\readable-stream\lib\_stream_writable.js:381:5)
    at Writable.write (C:\Users\Administrator\AppData\Local\npm-cache\_npx\ba4f1959e38407b5\node_modules\winston-transport\node_modules\readable-stream\lib\_stream_writable.js:302:11)
    at DerivedLogger.ondata (C:\Users\Administrator\AppData\Local\npm-cache\_npx\ba4f1959e38407b5\node_modules\winston\node_modules\readable-stream\lib\_stream_readable.js:629:20)
[error] 
[error] Error: An unexpected error has occurred.
[debug] [2026-08-15T17:33:13.334Z] Error: EPIPE: broken pipe, write
    at Socket._write (node:internal/net:63:18)
    at writeOrBuffer (node:internal/streams/writable:570:12)
    at _write (node:internal/streams/writable:499:10)
    at Writable.write (node:internal/streams/writable:508:10)
    at Console.log (C:\Users\Administrator\AppData\Local\npm-cache\_npx\ba4f1959e38407b5\node_modules\winston\lib\winston\transports\console.js:87:23)
    at Console._write (C:\Users\Administrator\AppData\Local\npm-cache\_npx\ba4f1959e38407b5\node_modules\winston-transport\modern.js:103:17)
    at doWrite (C:\Users\Administrator\AppData\Local\npm-cache\_npx\ba4f1959e38407b5\node_modules\winston-transport\node_modules\readable-stream\lib\_stream_writable.js:390:139)
    at writeOrBuffer (C:\Users\Administrator\AppData\Local\npm-cache\_npx\ba4f1959e38407b5\node_modules\winston-transport\node_modules\readable-stream\lib\_stream_writable.js:381:5)
    at Writable.write (C:\Users\Administrator\AppData\Local\npm-cache\_npx\ba4f1959e38407b5\node_modules\winston-transport\node_modules\readable-stream\lib\_stream_writable.js:302:11)
    at DerivedLogger.ondata (C:\Users\Administrator\AppData\Local\npm-cache\_npx\ba4f1959e38407b5\node_modules\winston\node_modules\readable-stream\lib\_stream_readable.js:629:20)
[error] 
[error] Error: An unexpected error has occurred.
[debug] [2026-08-15T17:33:13.335Z] Error: EPIPE: broken pipe, write
    at Socket._write (node:internal/net:63:18)
    at writeOrBuffer (node:internal/streams/writable:570:12)
    at _write (node:internal/streams/writable:499:10)
    at Writable.write (node:internal/streams/writable:508:10)
    at Console.log (C:\Users\Administrator\AppData\Local\npm-cache\_npx\ba4f1959e38407b5\node_modules\winston\lib\winston\transports\console.js:87:23)
    at Console._write (C:\Users\Administrator\AppData\Local\npm-cache\_npx\ba4f1959e38407b5\node_modules\winston-transport\modern.js:103:17)
    at doWrite (C:\Users\Administrator\AppData\Local\npm-cache\_npx\ba4f1959e38407b5\node_modules\winston-transport\node_modules\readable-stream\lib\_stream_writable.js:390:139)
    at writeOrBuffer (C:\Users\Administrator\AppData\Local\npm-cache\_npx\ba4f1959e38407b5\node_modules\winston-transport\node_modules\readable-stream\lib\_stream_writable.js:381:5)
    at Writable.write (C:\Users\Administrator\AppData\Local\npm-cache\_npx\ba4f1959e38407b5\node_modules\winston-transport\node_modules\readable-stream\lib\_stream_writable.js:302:11)
    at DerivedLogger.ondata (C:\Users\Administrator\AppData\Local\npm-cache\_npx\ba4f1959e38407b5\node_modules\winston\node_modules\readable-stream\lib\_stream_readable.js:629:20)
[error] 
[error] Error: An unexpected error has occurred.
[debug] [2026-08-15T17:33:13.336Z] Error: EPIPE: broken pipe, write
    at Socket._write (node:internal/net:63:18)
    at writeOrBuffer (node:internal/streams/writable:570:12)
    at _write (node:internal/streams/writable:499:10)
    at Writable.write (node:internal/streams/writable:508:10)
    at Console.log (C:\Users\Administrator\AppData\Local\npm-cache\_npx\ba4f1959e38407b5\node_modules\winston\lib\winston\transports\console.js:87:23)
    at Console._write (C:\Users\Administrator\AppData\Local\npm-cache\_npx\ba4f1959e38407b5\node_modules\winston-transport\modern.js:103:17)
    at doWrite (C:\Users\Administrator\AppData\Local\npm-cache\_npx\ba4f1959e38407b5\node_modules\winston-transport\node_modules\readable-stream\lib\_stream_writable.js:390:139)
    at writeOrBuffer (C:\Users\Administrator\AppData\Local\npm-cache\_npx\ba4f1959e38407b5\node_modules\winston-transport\node_modules\readable-stream\lib\_stream_writable.js:381:5)
    at Writable.write (C:\Users\Administrator\AppData\Local\npm-cache\_npx\ba4f1959e38407b5\node_modules\winston-transport\node_modules\readable-stream\lib\_stream_writable.js:302:11)
    at DerivedLogger.ondata (C:\Users\Administrator\AppData\Local\npm-cache\_npx\ba4f1959e38407b5\node_modules\winston\node_modules\readable-stream\lib\_stream_readable.js:629:20)
[error] 
[error] Error: An unexpected error has occurred.
[debug] [2026-08-15T17:33:13.337Z] Error: EPIPE: broken pipe, write
    at Socket._write (node:internal/net:63:18)
    at writeOrBuffer (node:internal/streams/writable:570:12)
    at _write (node:internal/streams/writable:499:10)
    at Writable.write (node:internal/streams/writable:508:10)
    at Console.log (C:\Users\Administrator\AppData\Local\npm-cache\_npx\ba4f1959e38407b5\node_modules\winston\lib\winston\transports\console.js:87:23)
    at Console._write (C:\Users\Administrator\AppData\Local\npm-cache\_npx\ba4f1959e38407b5\node_modules\winston-transport\modern.js:103:17)
    at doWrite (C:\Users\Administrator\AppData\Local\npm-cache\_npx\ba4f1959e38407b5\node_modules\winston-transport\node_modules\readable-stream\lib\_stream_writable.js:390:139)
    at writeOrBuffer (C:\Users\Administrator\AppData\Local\npm-cache\_npx\ba4f1959e38407b5\node_modules\winston-transport\node_modules\readable-stream\lib\_stream_writable.js:381:5)
    at Writable.write (C:\Users\Administrator\AppData\Local\npm-cache\_npx\ba4f1959e38407b5\node_modules\winston-transport\node_modules\readable-stream\lib\_stream_writable.js:302:11)
    at DerivedLogger.ondata (C:\Users\Administrator\AppData\Local\npm-cache\_npx\ba4f1959e38407b5\node_modules\winston\node_modules\readable-stream\lib\_stream_readable.js:629:20)
[error] 
[error] Error: An unexpected error has occurred.
[debug] [2026-08-15T17:33:13.338Z] Error: EPIPE: broken pipe, write
    at Socket._write (node:internal/net:63:18)
    at writeOrBuffer (node:internal/streams/writable:570:12)
    at _write (node:internal/streams/writable:499:10)
    at Writable.write (node:internal/streams/writable:508:10)
    at Console.log (C:\Users\Administrator\AppData\Local\npm-cache\_npx\ba4f1959e38407b5\node_modules\winston\lib\winston\transports\console.js:87:23)
    at Console._write (C:\Users\Administrator\AppData\Local\npm-cache\_npx\ba4f1959e38407b5\node_modules\winston-transport\modern.js:103:17)
    at doWrite (C:\Users\Administrator\AppData\Local\npm-cache\_npx\ba4f1959e38407b5\node_modules\winston-transport\node_modules\readable-stream\lib\_stream_writable.js:390:139)
    at writeOrBuffer (C:\Users\Administrator\AppData\Local\npm-cache\_npx\ba4f1959e38407b5\node_modules\winston-transport\node_modules\readable-stream\lib\_stream_writable.js:381:5)
    at Writable.write (C:\Users\Administrator\AppData\Local\npm-cache\_npx\ba4f1959e38407b5\node_modules\winston-transport\node_modules\readable-stream\lib\_stream_writable.js:302:11)
    at DerivedLogger.ondata (C:\Users\Administrator\AppData\Local\npm-cache\_npx\ba4f1959e38407b5\node_modules\winston\node_modules\readable-stream\lib\_stream_readable.js:629:20)
[error] 
[error] Error: An unexpected error has occurred.
[debug] [2026-08-15T17:33:13.341Z] Error: EPIPE: broken pipe, write
    at Socket._write (node:internal/net:63:18)
    at writeOrBuffer (node:internal/streams/writable:570:12)
    at _write (node:internal/streams/writable:499:10)
    at Writable.write (node:internal/streams/writable:508:10)
    at Console.log (C:\Users\Administrator\AppData\Local\npm-cache\_npx\ba4f1959e38407b5\node_modules\winston\lib\winston\transports\console.js:87:23)
    at Console._write (C:\Users\Administrator\AppData\Local\npm-cache\_npx\ba4f1959e38407b5\node_modules\winston-transport\modern.js:103:17)
    at doWrite (C:\Users\Administrator\AppData\Local\npm-cache\_npx\ba4f1959e38407b5\node_modules\winston-transport\node_modules\readable-stream\lib\_stream_writable.js:390:139)
    at writeOrBuffer (C:\Users\Administrator\AppData\Local\npm-cache\_npx\ba4f1959e38407b5\node_modules\winston-transport\node_modules\readable-stream\lib\_stream_writable.js:381:5)
    at Writable.write (C:\Users\Administrator\AppData\Local\npm-cache\_npx\ba4f1959e38407b5\node_modules\winston-transport\node_modules\readable-stream\lib\_stream_writable.js:302:11)
    at DerivedLogger.ondata (C:\Users\Administrator\AppData\Local\npm-cache\_npx\ba4f1959e38407b5\node_modules\winston\node_modules\readable-stream\lib\_stream_readable.js:629:20)
[error] 
[error] Error: An unexpected error has occurred.
[debug] [2026-08-15T17:33:13.342Z] Error: EPIPE: broken pipe, write
    at Socket._write (node:internal/net:63:18)
    at writeOrBuffer (node:internal/streams/writable:570:12)
    at _write (node:internal/streams/writable:499:10)
    at Writable.write (node:internal/streams/writable:508:10)
    at Console.log (C:\Users\Administrator\AppData\Local\npm-cache\_npx\ba4f1959e38407b5\node_modules\winston\lib\winston\transports\console.js:87:23)
    at Console._write (C:\Users\Administrator\AppData\Local\npm-cache\_npx\ba4f1959e38407b5\node_modules\winston-transport\modern.js:103:17)
    at doWrite (C:\Users\Administrator\AppData\Local\npm-cache\_npx\ba4f1959e38407b5\node_modules\winston-transport\node_modules\readable-stream\lib\_stream_writable.js:390:139)
    at writeOrBuffer (C:\Users\Administrator\AppData\Local\npm-cache\_npx\ba4f1959e38407b5\node_modules\winston-transport\node_modules\readable-stream\lib\_stream_writable.js:381:5)
    at Writable.write (C:\Users\Administrator\AppData\Local\npm-cache\_npx\ba4f1959e38407b5\node_modules\winston-transport\node_modules\readable-stream\lib\_stream_writable.js:302:11)
    at DerivedLogger.ondata (C:\Users\Administrator\AppData\Local\npm-cache\_npx\ba4f1959e38407b5\node_modules\winston\node_modules\readable-stream\lib\_stream_readable.js:629:20)
[error] 
[error] Error: An unexpected error has occurred.
[debug] [2026-08-15T17:33:13.343Z] Error: EPIPE: broken pipe, write
    at Socket._write (node:internal/net:63:18)
    at writeOrBuffer (node:internal/streams/writable:570:12)
    at _write (node:internal/streams/writable:499:10)
    at Writable.write (node:internal/streams/writable:508:10)
    at Console.log (C:\Users\Administrator\AppData\Local\npm-cache\_npx\ba4f1959e38407b5\node_modules\winston\lib\winston\transports\console.js:87:23)
    at Console._write (C:\Users\Administrator\AppData\Local\npm-cache\_npx\ba4f1959e38407b5\node_modules\winston-transport\modern.js:103:17)
    at doWrite (C:\Users\Administrator\AppData\Local\npm-cache\_npx\ba4f1959e38407b5\node_modules\winston-transport\node_modules\readable-stream\lib\_stream_writable.js:390:139)
    at writeOrBuffer (C:\Users\Administrator\AppData\Local\npm-cache\_npx\ba4f1959e38407b5\node_modules\winston-transport\node_modules\readable-stream\lib\_stream_writable.js:381:5)
    at Writable.write (C:\Users\Administrator\AppData\Local\npm-cache\_npx\ba4f1959e38407b5\node_modules\winston-transport\node_modules\readable-stream\lib\_stream_writable.js:302:11)
    at DerivedLogger.ondata (C:\Users\Administrator\AppData\Local\npm-cache\_npx\ba4f1959e38407b5\node_modules\winston\node_modules\readable-stream\lib\_stream_readable.js:629:20)
[error] 
[error] Error: An unexpected error has occurred.
[debug] [2026-08-15T17:33:13.343Z] Error: EPIPE: broken pipe, write
    at Socket._write (node:internal/net:63:18)
    at writeOrBuffer (node:internal/streams/writable:570:12)
    at _write (node:internal/streams/writable:499:10)
    at Writable.write (node:internal/streams/writable:508:10)
    at Console.log (C:\Users\Administrator\AppData\Local\npm-cache\_npx\ba4f1959e38407b5\node_modules\winston\lib\winston\transports\console.js:87:23)
    at Console._write (C:\Users\Administrator\AppData\Local\npm-cache\_npx\ba4f1959e38407b5\node_modules\winston-transport\modern.js:103:17)
    at doWrite (C:\Users\Administrator\AppData\Local\npm-cache\_npx\ba4f1959e38407b5\node_modules\winston-transport\node_modules\readable-stream\lib\_stream_writable.js:390:139)
    at writeOrBuffer (C:\Users\Administrator\AppData\Local\npm-cache\_npx\ba4f1959e38407b5\node_modules\winston-transport\node_modules\readable-stream\lib\_stream_writable.js:381:5)
    at Writable.write (C:\Users\Administrator\AppData\Local\npm-cache\_npx\ba4f1959e38407b5\node_modules\winston-transport\node_modules\readable-stream\lib\_stream_writable.js:302:11)
    at DerivedLogger.ondata (C:\Users\Administrator\AppData\Local\npm-cache\_npx\ba4f1959e38407b5\node_modules\winston\node_modules\readable-stream\lib\_stream_readable.js:629:20)
[error] 
[error] Error: An unexpected error has occurred.
[debug] [2026-08-15T17:33:13.344Z] Error: EPIPE: broken pipe, write
    at Socket._write (node:internal/net:63:18)
    at writeOrBuffer (node:internal/streams/writable:570:12)
    at _write (node:internal/streams/writable:499:10)
    at Writable.write (node:internal/streams/writable:508:10)
    at Console.log (C:\Users\Administrator\AppData\Local\npm-cache\_npx\ba4f1959e38407b5\node_modules\winston\lib\winston\transports\console.js:87:23)
    at Console._write (C:\Users\Administrator\AppData\Local\npm-cache\_npx\ba4f1959e38407b5\node_modules\winston-transport\modern.js:103:17)
    at doWrite (C:\Users\Administrator\AppData\Local\npm-cache\_npx\ba4f1959e38407b5\node_modules\winston-transport\node_modules\readable-stream\lib\_stream_writable.js:390:139)
    at writeOrBuffer (C:\Users\Administrator\AppData\Local\npm-cache\_npx\ba4f1959e38407b5\node_modules\winston-transport\node_modules\readable-stream\lib\_stream_writable.js:381:5)
    at Writable.write (C:\Users\Administrator\AppData\Local\npm-cache\_npx\ba4f1959e38407b5\node_modules\winston-transport\node_modules\readable-stream\lib\_stream_writable.js:302:11)
    at DerivedLogger.ondata (C:\Users\Administrator\AppData\Local\npm-cache\_npx\ba4f1959e38407b5\node_modules\winston\node_modules\readable-stream\lib\_stream_readable.js:629:20)
[error] 
[error] Error: An unexpected error has occurred.
[debug] [2026-08-15T17:33:13.345Z] Error: EPIPE: broken pipe, write
    at Socket._write (node:internal/net:63:18)
    at writeOrBuffer (node:internal/streams/writable:570:12)
    at _write (node:internal/streams/writable:499:10)
    at Writable.write (node:internal/streams/writable:508:10)
    at Console.log (C:\Users\Administrator\AppData\Local\npm-cache\_npx\ba4f1959e38407b5\node_modules\winston\lib\winston\transports\console.js:87:23)
    at Console._write (C:\Users\Administrator\AppData\Local\npm-cache\_npx\ba4f1959e38407b5\node_modules\winston-transport\modern.js:103:17)
    at doWrite (C:\Users\Administrator\AppData\Local\npm-cache\_npx\ba4f1959e38407b5\node_modules\winston-transport\node_modules\readable-stream\lib\_stream_writable.js:390:139)
    at writeOrBuffer (C:\Users\Administrator\AppData\Local\npm-cache\_npx\ba4f1959e38407b5\node_modules\winston-transport\node_modules\readable-stream\lib\_stream_writable.js:381:5)
    at Writable.write (C:\Users\Administrator\AppData\Local\npm-cache\_npx\ba4f1959e38407b5\node_modules\winston-transport\node_modules\readable-stream\lib\_stream_writable.js:302:11)
    at DerivedLogger.ondata (C:\Users\Administrator\AppData\Local\npm-cache\_npx\ba4f1959e38407b5\node_modules\winston\node_modules\readable-stream\lib\_stream_readable.js:629:20)
[error] 
[error] Error: An unexpected error has occurred.
[debug] [2026-08-15T17:33:13.353Z] Error: EPIPE: broken pipe, write
    at Socket._write (node:internal/net:63:18)
    at writeOrBuffer (node:internal/streams/writable:570:12)
    at _write (node:internal/streams/writable:499:10)
    at Writable.write (node:internal/streams/writable:508:10)
    at Console.log (C:\Users\Administrator\AppData\Local\npm-cache\_npx\ba4f1959e38407b5\node_modules\winston\lib\winston\transports\console.js:87:23)
    at Console._write (C:\Users\Administrator\AppData\Local\npm-cache\_npx\ba4f1959e38407b5\node_modules\winston-transport\modern.js:103:17)
    at doWrite (C:\Users\Administrator\AppData\Local\npm-cache\_npx\ba4f1959e38407b5\node_modules\winston-transport\node_modules\readable-stream\lib\_stream_writable.js:390:139)
    at writeOrBuffer (C:\Users\Administrator\AppData\Local\npm-cache\_npx\ba4f1959e38407b5\node_modules\winston-transport\node_modules\readable-stream\lib\_stream_writable.js:381:5)
    at Writable.write (C:\Users\Administrator\AppData\Local\npm-cache\_npx\ba4f1959e38407b5\node_modules\winston-transport\node_modules\readable-stream\lib\_stream_writable.js:302:11)
    at DerivedLogger.ondata (C:\Users\Administrator\AppData\Local\npm-cache\_npx\ba4f1959e38407b5\node_modules\winston\node_modules\readable-stream\lib\_stream_readable.js:629:20)
[error] 
[error] Error: An unexpected error has occurred.
[debug] [2026-08-15T17:33:13.356Z] Error: EPIPE: broken pipe, write
    at Socket._write (node:internal/net:63:18)
    at writeOrBuffer (node:internal/streams/writable:570:12)
    at _write (node:internal/streams/writable:499:10)
    at Writable.write (node:internal/streams/writable:508:10)
    at Console.log (C:\Users\Administrator\AppData\Local\npm-cache\_npx\ba4f1959e38407b5\node_modules\winston\lib\winston\transports\console.js:87:23)
    at Console._write (C:\Users\Administrator\AppData\Local\npm-cache\_npx\ba4f1959e38407b5\node_modules\winston-transport\modern.js:103:17)
    at doWrite (C:\Users\Administrator\AppData\Local\npm-cache\_npx\ba4f1959e38407b5\node_modules\winston-transport\node_modules\readable-stream\lib\_stream_writable.js:390:139)
    at writeOrBuffer (C:\Users\Administrator\AppData\Local\npm-cache\_npx\ba4f1959e38407b5\node_modules\winston-transport\node_modules\readable-stream\lib\_stream_writable.js:381:5)
    at Writable.write (C:\Users\Administrator\AppData\Local\npm-cache\_npx\ba4f1959e38407b5\node_modules\winston-transport\node_modules\readable-stream\lib\_stream_writable.js:302:11)
    at DerivedLogger.ondata (C:\Users\Administrator\AppData\Local\npm-cache\_npx\ba4f1959e38407b5\node_modules\winston\node_modules\readable-stream\lib\_stream_readable.js:629:20)
[error] 
[error] Error: An unexpected error has occurred.
[debug] [2026-08-15T17:33:13.358Z] Error: EPIPE: broken pipe, write
    at Socket._write (node:internal/net:63:18)
    at writeOrBuffer (node:internal/streams/writable:570:12)
    at _write (node:internal/streams/writable:499:10)
    at Writable.write (node:internal/streams/writable:508:10)
    at Console.log (C:\Users\Administrator\AppData\Local\npm-cache\_npx\ba4f1959e38407b5\node_modules\winston\lib\winston\transports\console.js:87:23)
    at Console._write (C:\Users\Administrator\AppData\Local\npm-cache\_npx\ba4f1959e38407b5\node_modules\winston-transport\modern.js:103:17)
    at doWrite (C:\Users\Administrator\AppData\Local\npm-cache\_npx\ba4f1959e38407b5\node_modules\winston-transport\node_modules\readable-stream\lib\_stream_writable.js:390:139)
    at writeOrBuffer (C:\Users\Administrator\AppData\Local\npm-cache\_npx\ba4f1959e38407b5\node_modules\winston-transport\node_modules\readable-stream\lib\_stream_writable.js:381:5)
    at Writable.write (C:\Users\Administrator\AppData\Local\npm-cache\_npx\ba4f1959e38407b5\node_modules\winston-transport\node_modules\readable-stream\lib\_stream_writable.js:302:11)
    at DerivedLogger.ondata (C:\Users\Administrator\AppData\Local\npm-cache\_npx\ba4f1959e38407b5\node_modules\winston\node_modules\readable-stream\lib\_stream_readable.js:629:20)
[error] 
[error] Error: An unexpected error has occurred.
[debug] [2026-08-15T17:33:13.359Z] Error: EPIPE: broken pipe, write
    at Socket._write (node:internal/net:63:18)
    at writeOrBuffer (node:internal/streams/writable:570:12)
    at _write (node:internal/streams/writable:499:10)
    at Writable.write (node:internal/streams/writable:508:10)
    at Console.log (C:\Users\Administrator\AppData\Local\npm-cache\_npx\ba4f1959e38407b5\node_modules\winston\lib\winston\transports\console.js:87:23)
    at Console._write (C:\Users\Administrator\AppData\Local\npm-cache\_npx\ba4f1959e38407b5\node_modules\winston-transport\modern.js:103:17)
    at doWrite (C:\Users\Administrator\AppData\Local\npm-cache\_npx\ba4f1959e38407b5\node_modules\winston-transport\node_modules\readable-stream\lib\_stream_writable.js:390:139)
    at writeOrBuffer (C:\Users\Administrator\AppData\Local\npm-cache\_npx\ba4f1959e38407b5\node_modules\winston-transport\node_modules\readable-stream\lib\_stream_writable.js:381:5)
    at Writable.write (C:\Users\Administrator\AppData\Local\npm-cache\_npx\ba4f1959e38407b5\node_modules\winston-transport\node_modules\readable-stream\lib\_stream_writable.js:302:11)
    at DerivedLogger.ondata (C:\Users\Administrator\AppData\Local\npm-cache\_npx\ba4f1959e38407b5\node_modules\winston\node_modules\readable-stream\lib\_stream_readable.js:629:20)
[error] 
[error] Error: An unexpected error has occurred.
[debug] [2026-08-15T17:33:13.360Z] Error: EPIPE: broken pipe, write
    at Socket._write (node:internal/net:63:18)
    at writeOrBuffer (node:internal/streams/writable:570:12)
    at _write (node:internal/streams/writable:499:10)
    at Writable.write (node:internal/streams/writable:508:10)
    at Console.log (C:\Users\Administrator\AppData\Local\npm-cache\_npx\ba4f1959e38407b5\node_modules\winston\lib\winston\transports\console.js:87:23)
    at Console._write (C:\Users\Administrator\AppData\Local\npm-cache\_npx\ba4f1959e38407b5\node_modules\winston-transport\modern.js:103:17)
    at doWrite (C:\Users\Administrator\AppData\Local\npm-cache\_npx\ba4f1959e38407b5\node_modules\winston-transport\node_modules\readable-stream\lib\_stream_writable.js:390:139)
    at writeOrBuffer (C:\Users\Administrator\AppData\Local\npm-cache\_npx\ba4f1959e38407b5\node_modules\winston-transport\node_modules\readable-stream\lib\_stream_writable.js:381:5)
    at Writable.write (C:\Users\Administrator\AppData\Local\npm-cache\_npx\ba4f1959e38407b5\node_modules\winston-transport\node_modules\readable-stream\lib\_stream_writable.js:302:11)
    at DerivedLogger.ondata (C:\Users\Administrator\AppData\Local\npm-cache\_npx\ba4f1959e38407b5\node_modules\winston\node_modules\readable-stream\lib\_stream_readable.js:629:20)
[error] 
[error] Error: An unexpected error has occurred.
[debug] [2026-08-15T17:33:13.361Z] Error: EPIPE: broken pipe, write
    at Socket._write (node:internal/net:63:18)
    at writeOrBuffer (node:internal/streams/writable:570:12)
    at _write (node:internal/streams/writable:499:10)
    at Writable.write (node:internal/streams/writable:508:10)
    at Console.log (C:\Users\Administrator\AppData\Local\npm-cache\_npx\ba4f1959e38407b5\node_modules\winston\lib\winston\transports\console.js:87:23)
    at Console._write (C:\Users\Administrator\AppData\Local\npm-cache\_npx\ba4f1959e38407b5\node_modules\winston-transport\modern.js:103:17)
    at doWrite (C:\Users\Administrator\AppData\Local\npm-cache\_npx\ba4f1959e38407b5\node_modules\winston-transport\node_modules\readable-stream\lib\_stream_writable.js:390:139)
    at writeOrBuffer (C:\Users\Administrator\AppData\Local\npm-cache\_npx\ba4f1959e38407b5\node_modules\winston-transport\node_modules\readable-stream\lib\_stream_writable.js:381:5)
    at Writable.write (C:\Users\Administrator\AppData\Local\npm-cache\_npx\ba4f1959e38407b5\node_modules\winston-transport\node_modules\readable-stream\lib\_stream_writable.js:302:11)
    at DerivedLogger.ondata (C:\Users\Administrator\AppData\Local\npm-cache\_npx\ba4f1959e38407b5\node_modules\winston\node_modules\readable-stream\lib\_stream_readable.js:629:20)
[error] 
[error] Error: An unexpected error has occurred.
[debug] [2026-08-15T17:33:13.361Z] Error: EPIPE: broken pipe, write
    at Socket._write (node:internal/net:63:18)
    at writeOrBuffer (node:internal/streams/writable:570:12)
    at _write (node:internal/streams/writable:499:10)
    at Writable.write (node:internal/streams/writable:508:10)
    at Console.log (C:\Users\Administrator\AppData\Local\npm-cache\_npx\ba4f1959e38407b5\node_modules\winston\lib\winston\transports\console.js:87:23)
    at Console._write (C:\Users\Administrator\AppData\Local\npm-cache\_npx\ba4f1959e38407b5\node_modules\winston-transport\modern.js:103:17)
    at doWrite (C:\Users\Administrator\AppData\Local\npm-cache\_npx\ba4f1959e38407b5\node_modules\winston-transport\node_modules\readable-stream\lib\_stream_writable.js:390:139)
    at writeOrBuffer (C:\Users\Administrator\AppData\Local\npm-cache\_npx\ba4f1959e38407b5\node_modules\winston-transport\node_modules\readable-stream\lib\_stream_writable.js:381:5)
    at Writable.write (C:\Users\Administrator\AppData\Local\npm-cache\_npx\ba4f1959e38407b5\node_modules\winston-transport\node_modules\readable-stream\lib\_stream_writable.js:302:11)
    at DerivedLogger.ondata (C:\Users\Administrator\AppData\Local\npm-cache\_npx\ba4f1959e38407b5\node_modules\winston\node_modules\readable-stream\lib\_stream_readable.js:629:20)
[error] 
[error] Error: An unexpected error has occurred.
[debug] [2026-08-15T17:33:13.362Z] Error: EPIPE: broken pipe, write
    at Socket._write (node:internal/net:63:18)
    at writeOrBuffer (node:internal/streams/writable:570:12)
    at _write (node:internal/streams/writable:499:10)
    at Writable.write (node:internal/streams/writable:508:10)
    at Console.log (C:\Users\Administrator\AppData\Local\npm-cache\_npx\ba4f1959e38407b5\node_modules\winston\lib\winston\transports\console.js:87:23)
    at Console._write (C:\Users\Administrator\AppData\Local\npm-cache\_npx\ba4f1959e38407b5\node_modules\winston-transport\modern.js:103:17)
    at doWrite (C:\Users\Administrator\AppData\Local\npm-cache\_npx\ba4f1959e38407b5\node_modules\winston-transport\node_modules\readable-stream\lib\_stream_writable.js:390:139)
    at writeOrBuffer (C:\Users\Administrator\AppData\Local\npm-cache\_npx\ba4f1959e38407b5\node_modules\winston-transport\node_modules\readable-stream\lib\_stream_writable.js:381:5)
    at Writable.write (C:\Users\Administrator\AppData\Local\npm-cache\_npx\ba4f1959e38407b5\node_modules\winston-transport\node_modules\readable-stream\lib\_stream_writable.js:302:11)
    at DerivedLogger.ondata (C:\Users\Administrator\AppData\Local\npm-cache\_npx\ba4f1959e38407b5\node_modules\winston\node_modules\readable-stream\lib\_stream_readable.js:629:20)
[error] 
[error] Error: An unexpected error has occurred.
[debug] [2026-08-15T17:33:13.363Z] Error: EPIPE: broken pipe, write
    at Socket._write (node:internal/net:63:18)
    at writeOrBuffer (node:internal/streams/writable:570:12)
    at _write (node:internal/streams/writable:499:10)
    at Writable.write (node:internal/streams/writable:508:10)
    at Console.log (C:\Users\Administrator\AppData\Local\npm-cache\_npx\ba4f1959e38407b5\node_modules\winston\lib\winston\transports\console.js:87:23)
    at Console._write (C:\Users\Administrator\AppData\Local\npm-cache\_npx\ba4f1959e38407b5\node_modules\winston-transport\modern.js:103:17)
    at doWrite (C:\Users\Administrator\AppData\Local\npm-cache\_npx\ba4f1959e38407b5\node_modules\winston-transport\node_modules\readable-stream\lib\_stream_writable.js:390:139)
    at writeOrBuffer (C:\Users\Administrator\AppData\Local\npm-cache\_npx\ba4f1959e38407b5\node_modules\winston-transport\node_modules\readable-stream\lib\_stream_writable.js:381:5)
    at Writable.write (C:\Users\Administrator\AppData\Local\npm-cache\_npx\ba4f1959e38407b5\node_modules\winston-transport\node_modules\readable-stream\lib\_stream_writable.js:302:11)
    at DerivedLogger.ondata (C:\Users\Administrator\AppData\Local\npm-cache\_npx\ba4f1959e38407b5\node_modules\winston\node_modules\readable-stream\lib\_stream_readable.js:629:20)
[error] 
[error] Error: An unexpected error has occurred.
[debug] [2026-08-15T17:33:13.364Z] Error: EPIPE: broken pipe, write
    at Socket._write (node:internal/net:63:18)
    at writeOrBuffer (node:internal/streams/writable:570:12)
    at _write (node:internal/streams/writable:499:10)
    at Writable.write (node:internal/streams/writable:508:10)
    at Console.log (C:\Users\Administrator\AppData\Local\npm-cache\_npx\ba4f1959e38407b5\node_modules\winston\lib\winston\transports\console.js:87:23)
    at Console._write (C:\Users\Administrator\AppData\Local\npm-cache\_npx\ba4f1959e38407b5\node_modules\winston-transport\modern.js:103:17)
    at doWrite (C:\Users\Administrator\AppData\Local\npm-cache\_npx\ba4f1959e38407b5\node_modules\winston-transport\node_modules\readable-stream\lib\_stream_writable.js:390:139)
    at writeOrBuffer (C:\Users\Administrator\AppData\Local\npm-cache\_npx\ba4f1959e38407b5\node_modules\winston-transport\node_modules\readable-stream\lib\_stream_writable.js:381:5)
    at Writable.write (C:\Users\Administrator\AppData\Local\npm-cache\_npx\ba4f1959e38407b5\node_modules\winston-transport\node_modules\readable-stream\lib\_stream_writable.js:302:11)
    at DerivedLogger.ondata (C:\Users\Administrator\AppData\Local\npm-cache\_npx\ba4f1959e38407b5\node_modules\winston\node_modules\readable-stream\lib\_stream_readable.js:629:20)
[error] 
[error] Error: An unexpected error has occurred.
[debug] [2026-08-15T17:33:13.364Z] Error: EPIPE: broken pipe, write
    at Socket._write (node:internal/net:63:18)
    at writeOrBuffer (node:internal/streams/writable:570:12)
    at _write (node:internal/streams/writable:499:10)
    at Writable.write (node:internal/streams/writable:508:10)
    at Console.log (C:\Users\Administrator\AppData\Local\npm-cache\_npx\ba4f1959e38407b5\node_modules\winston\lib\winston\transports\console.js:87:23)
    at Console._write (C:\Users\Administrator\AppData\Local\npm-cache\_npx\ba4f1959e38407b5\node_modules\winston-transport\modern.js:103:17)
    at doWrite (C:\Users\Administrator\AppData\Local\npm-cache\_npx\ba4f1959e38407b5\node_modules\winston-transport\node_modules\readable-stream\lib\_stream_writable.js:390:139)
    at writeOrBuffer (C:\Users\Administrator\AppData\Local\npm-cache\_npx\ba4f1959e38407b5\node_modules\winston-transport\node_modules\readable-stream\lib\_stream_writable.js:381:5)
    at Writable.write (C:\Users\Administrator\AppData\Local\npm-cache\_npx\ba4f1959e38407b5\node_modules\winston-transport\node_modules\readable-stream\lib\_stream_writable.js:302:11)
    at DerivedLogger.ondata (C:\Users\Administrator\AppData\Local\npm-cache\_npx\ba4f1959e38407b5\node_modules\winston\node_modules\readable-stream\lib\_stream_readable.js:629:20)
[error] 
[error] Error: An unexpected error has occurred.
[debug] [2026-08-15T17:33:13.365Z] Error: EPIPE: broken pipe, write
    at Socket._write (node:internal/net:63:18)
    at writeOrBuffer (node:internal/streams/writable:570:12)
    at _write (node:internal/streams/writable:499:10)
    at Writable.write (node:internal/streams/writable:508:10)
    at Console.log (C:\Users\Administrator\AppData\Local\npm-cache\_npx\ba4f1959e38407b5\node_modules\winston\lib\winston\transports\console.js:87:23)
    at Console._write (C:\Users\Administrator\AppData\Local\npm-cache\_npx\ba4f1959e38407b5\node_modules\winston-transport\modern.js:103:17)
    at doWrite (C:\Users\Administrator\AppData\Local\npm-cache\_npx\ba4f1959e38407b5\node_modules\winston-transport\node_modules\readable-stream\lib\_stream_writable.js:390:139)
    at writeOrBuffer (C:\Users\Administrator\AppData\Local\npm-cache\_npx\ba4f1959e38407b5\node_modules\winston-transport\node_modules\readable-stream\lib\_stream_writable.js:381:5)
    at Writable.write (C:\Users\Administrator\AppData\Local\npm-cache\_npx\ba4f1959e38407b5\node_modules\winston-transport\node_modules\readable-stream\lib\_stream_writable.js:302:11)
    at DerivedLogger.ondata (C:\Users\Administrator\AppData\Local\npm-cache\_npx\ba4f1959e38407b5\node_modules\winston\node_modules\readable-stream\lib\_stream_readable.js:629:20)
[error] 
[error] Error: An unexpected error has occurred.
[debug] [2026-08-15T17:33:13.366Z] Error: EPIPE: broken pipe, write
    at Socket._write (node:internal/net:63:18)
    at writeOrBuffer (node:internal/streams/writable:570:12)
    at _write (node:internal/streams/writable:499:10)
    at Writable.write (node:internal/streams/writable:508:10)
    at Console.log (C:\Users\Administrator\AppData\Local\npm-cache\_npx\ba4f1959e38407b5\node_modules\winston\lib\winston\transports\console.js:87:23)
    at Console._write (C:\Users\Administrator\AppData\Local\npm-cache\_npx\ba4f1959e38407b5\node_modules\winston-transport\modern.js:103:17)
    at doWrite (C:\Users\Administrator\AppData\Local\npm-cache\_npx\ba4f1959e38407b5\node_modules\winston-transport\node_modules\readable-stream\lib\_stream_writable.js:390:139)
    at writeOrBuffer (C:\Users\Administrator\AppData\Local\npm-cache\_npx\ba4f1959e38407b5\node_modules\winston-transport\node_modules\readable-stream\lib\_stream_writable.js:381:5)
    at Writable.write (C:\Users\Administrator\AppData\Local\npm-cache\_npx\ba4f1959e38407b5\node_modules\winston-transport\node_modules\readable-stream\lib\_stream_writable.js:302:11)
    at DerivedLogger.ondata (C:\Users\Administrator\AppData\Local\npm-cache\_npx\ba4f1959e38407b5\node_modules\winston\node_modules\readable-stream\lib\_stream_readable.js:629:20)
[error] 
[error] Error: An unexpected error has occurred.
[debug] [2026-08-15T17:33:13.368Z] Error: EPIPE: broken pipe, write
    at Socket._write (node:internal/net:63:18)
    at writeOrBuffer (node:internal/streams/writable:570:12)
    at _write (node:internal/streams/writable:499:10)
    at Writable.write (node:internal/streams/writable:508:10)
    at Console.log (C:\Users\Administrator\AppData\Local\npm-cache\_npx\ba4f1959e38407b5\node_modules\winston\lib\winston\transports\console.js:87:23)
    at Console._write (C:\Users\Administrator\AppData\Local\npm-cache\_npx\ba4f1959e38407b5\node_modules\winston-transport\modern.js:103:17)
    at doWrite (C:\Users\Administrator\AppData\Local\npm-cache\_npx\ba4f1959e38407b5\node_modules\winston-transport\node_modules\readable-stream\lib\_stream_writable.js:390:139)
    at writeOrBuffer (C:\Users\Administrator\AppData\Local\npm-cache\_npx\ba4f1959e38407b5\node_modules\winston-transport\node_modules\readable-stream\lib\_stream_writable.js:381:5)
    at Writable.write (C:\Users\Administrator\AppData\Local\npm-cache\_npx\ba4f1959e38407b5\node_modules\winston-transport\node_modules\readable-stream\lib\_stream_writable.js:302:11)
    at DerivedLogger.ondata (C:\Users\Administrator\AppData\Local\npm-cache\_npx\ba4f1959e38407b5\node_modules\winston\node_modules\readable-stream\lib\_stream_readable.js:629:20)
[error] 
[error] Error: An unexpected error has occurred.
[debug] [2026-08-15T17:33:13.368Z] Error: EPIPE: broken pipe, write
    at Socket._write (node:internal/net:63:18)
    at writeOrBuffer (node:internal/streams/writable:570:12)
    at _write (node:internal/streams/writable:499:10)
    at Writable.write (node:internal/streams/writable:508:10)
    at Console.log (C:\Users\Administrator\AppData\Local\npm-cache\_npx\ba4f1959e38407b5\node_modules\winston\lib\winston\transports\console.js:87:23)
    at Console._write (C:\Users\Administrator\AppData\Local\npm-cache\_npx\ba4f1959e38407b5\node_modules\winston-transport\modern.js:103:17)
    at doWrite (C:\Users\Administrator\AppData\Local\npm-cache\_npx\ba4f1959e38407b5\node_modules\winston-transport\node_modules\readable-stream\lib\_stream_writable.js:390:139)
    at writeOrBuffer (C:\Users\Administrator\AppData\Local\npm-cache\_npx\ba4f1959e38407b5\node_modules\winston-transport\node_modules\readable-stream\lib\_stream_writable.js:381:5)
    at Writable.write (C:\Users\Administrator\AppData\Local\npm-cache\_npx\ba4f1959e38407b5\node_modules\winston-transport\node_modules\readable-stream\lib\_stream_writable.js:302:11)
    at DerivedLogger.ondata (C:\Users\Administrator\AppData\Local\npm-cache\_npx\ba4f1959e38407b5\node_modules\winston\node_modules\readable-stream\lib\_stream_readable.js:629:20)
[error] 
[error] Error: An unexpected error has occurred.
[debug] [2026-08-15T17:33:13.369Z] Error: EPIPE: broken pipe, write
    at Socket._write (node:internal/net:63:18)
    at writeOrBuffer (node:internal/streams/writable:570:12)
    at _write (node:internal/streams/writable:499:10)
    at Writable.write (node:internal/streams/writable:508:10)
    at Console.log (C:\Users\Administrator\AppData\Local\npm-cache\_npx\ba4f1959e38407b5\node_modules\winston\lib\winston\transports\console.js:87:23)
    at Console._write (C:\Users\Administrator\AppData\Local\npm-cache\_npx\ba4f1959e38407b5\node_modules\winston-transport\modern.js:103:17)
    at doWrite (C:\Users\Administrator\AppData\Local\npm-cache\_npx\ba4f1959e38407b5\node_modules\winston-transport\node_modules\readable-stream\lib\_stream_writable.js:390:139)
    at writeOrBuffer (C:\Users\Administrator\AppData\Local\npm-cache\_npx\ba4f1959e38407b5\node_modules\winston-transport\node_modules\readable-stream\lib\_stream_writable.js:381:5)
    at Writable.write (C:\Users\Administrator\AppData\Local\npm-cache\_npx\ba4f1959e38407b5\node_modules\winston-transport\node_modules\readable-stream\lib\_stream_writable.js:302:11)
    at DerivedLogger.ondata (C:\Users\Administrator\AppData\Local\npm-cache\_npx\ba4f1959e38407b5\node_modules\winston\node_modules\readable-stream\lib\_stream_readable.js:629:20)
[error] 
[error] Error: An unexpected error has occurred.
[debug] [2026-08-15T17:33:13.370Z] Error: EPIPE: broken pipe, write
    at Socket._write (node:internal/net:63:18)
    at writeOrBuffer (node:internal/streams/writable:570:12)
    at _write (node:internal/streams/writable:499:10)
    at Writable.write (node:internal/streams/writable:508:10)
    at Console.log (C:\Users\Administrator\AppData\Local\npm-cache\_npx\ba4f1959e38407b5\node_modules\winston\lib\winston\transports\console.js:87:23)
    at Console._write (C:\Users\Administrator\AppData\Local\npm-cache\_npx\ba4f1959e38407b5\node_modules\winston-transport\modern.js:103:17)
    at doWrite (C:\Users\Administrator\AppData\Local\npm-cache\_npx\ba4f1959e38407b5\node_modules\winston-transport\node_modules\readable-stream\lib\_stream_writable.js:390:139)
    at writeOrBuffer (C:\Users\Administrator\AppData\Local\npm-cache\_npx\ba4f1959e38407b5\node_modules\winston-transport\node_modules\readable-stream\lib\_stream_writable.js:381:5)
    at Writable.write (C:\Users\Administrator\AppData\Local\npm-cache\_npx\ba4f1959e38407b5\node_modules\winston-transport\node_modules\readable-stream\lib\_stream_writable.js:302:11)
    at DerivedLogger.ondata (C:\Users\Administrator\AppData\Local\npm-cache\_npx\ba4f1959e38407b5\node_modules\winston\node_modules\readable-stream\lib\_stream_readable.js:629:20)
[error] 
[error] Error: An unexpected error has occurred.
[debug] [2026-08-15T17:33:13.371Z] Error: EPIPE: broken pipe, write
    at Socket._write (node:internal/net:63:18)
    at writeOrBuffer (node:internal/streams/writable:570:12)
    at _write (node:internal/streams/writable:499:10)
    at Writable.write (node:internal/streams/writable:508:10)
    at Console.log (C:\Users\Administrator\AppData\Local\npm-cache\_npx\ba4f1959e38407b5\node_modules\winston\lib\winston\transports\console.js:87:23)
    at Console._write (C:\Users\Administrator\AppData\Local\npm-cache\_npx\ba4f1959e38407b5\node_modules\winston-transport\modern.js:103:17)
    at doWrite (C:\Users\Administrator\AppData\Local\npm-cache\_npx\ba4f1959e38407b5\node_modules\winston-transport\node_modules\readable-stream\lib\_stream_writable.js:390:139)
    at writeOrBuffer (C:\Users\Administrator\AppData\Local\npm-cache\_npx\ba4f1959e38407b5\node_modules\winston-transport\node_modules\readable-stream\lib\_stream_writable.js:381:5)
    at Writable.write (C:\Users\Administrator\AppData\Local\npm-cache\_npx\ba4f1959e38407b5\node_modules\winston-transport\node_modules\readable-stream\lib\_stream_writable.js:302:11)
    at DerivedLogger.ondata (C:\Users\Administrator\AppData\Local\npm-cache\_npx\ba4f1959e38407b5\node_modules\winston\node_modules\readable-stream\lib\_stream_readable.js:629:20)
[error] 
[error] Error: An unexpected error has occurred.
[debug] [2026-08-15T17:33:13.371Z] Error: EPIPE: broken pipe, write
    at Socket._write (node:internal/net:63:18)
    at writeOrBuffer (node:internal/streams/writable:570:12)
    at _write (node:internal/streams/writable:499:10)
    at Writable.write (node:internal/streams/writable:508:10)
    at Console.log (C:\Users\Administrator\AppData\Local\npm-cache\_npx\ba4f1959e38407b5\node_modules\winston\lib\winston\transports\console.js:87:23)
    at Console._write (C:\Users\Administrator\AppData\Local\npm-cache\_npx\ba4f1959e38407b5\node_modules\winston-transport\modern.js:103:17)
    at doWrite (C:\Users\Administrator\AppData\Local\npm-cache\_npx\ba4f1959e38407b5\node_modules\winston-transport\node_modules\readable-stream\lib\_stream_writable.js:390:139)
    at writeOrBuffer (C:\Users\Administrator\AppData\Local\npm-cache\_npx\ba4f1959e38407b5\node_modules\winston-transport\node_modules\readable-stream\lib\_stream_writable.js:381:5)
    at Writable.write (C:\Users\Administrator\AppData\Local\npm-cache\_npx\ba4f1959e38407b5\node_modules\winston-transport\node_modules\readable-stream\lib\_stream_writable.js:302:11)
    at DerivedLogger.ondata (C:\Users\Administrator\AppData\Local\npm-cache\_npx\ba4f1959e38407b5\node_modules\winston\node_modules\readable-stream\lib\_stream_readable.js:629:20)
[error] 
[error] Error: An unexpected error has occurred.
[debug] [2026-08-15T17:33:13.372Z] Error: EPIPE: broken pipe, write
    at Socket._write (node:internal/net:63:18)
    at writeOrBuffer (node:internal/streams/writable:570:12)
    at _write (node:internal/streams/writable:499:10)
    at Writable.write (node:internal/streams/writable:508:10)
    at Console.log (C:\Users\Administrator\AppData\Local\npm-cache\_npx\ba4f1959e38407b5\node_modules\winston\lib\winston\transports\console.js:87:23)
    at Console._write (C:\Users\Administrator\AppData\Local\npm-cache\_npx\ba4f1959e38407b5\node_modules\winston-transport\modern.js:103:17)
    at doWrite (C:\Users\Administrator\AppData\Local\npm-cache\_npx\ba4f1959e38407b5\node_modules\winston-transport\node_modules\readable-stream\lib\_stream_writable.js:390:139)
    at writeOrBuffer (C:\Users\Administrator\AppData\Local\npm-cache\_npx\ba4f1959e38407b5\node_modules\winston-transport\node_modules\readable-stream\lib\_stream_writable.js:381:5)
    at Writable.write (C:\Users\Administrator\AppData\Local\npm-cache\_npx\ba4f1959e38407b5\node_modules\winston-transport\node_modules\readable-stream\lib\_stream_writable.js:302:11)
    at DerivedLogger.ondata (C:\Users\Administrator\AppData\Local\npm-cache\_npx\ba4f1959e38407b5\node_modules\winston\node_modules\readable-stream\lib\_stream_readable.js:629:20)
[error] 
[error] Error: An unexpected error has occurred.
[debug] [2026-08-15T17:33:13.372Z] Error: EPIPE: broken pipe, write
    at Socket._write (node:internal/net:63:18)
    at writeOrBuffer (node:internal/streams/writable:570:12)
    at _write (node:internal/streams/writable:499:10)
    at Writable.write (node:internal/streams/writable:508:10)
    at Console.log (C:\Users\Administrator\AppData\Local\npm-cache\_npx\ba4f1959e38407b5\node_modules\winston\lib\winston\transports\console.js:87:23)
    at Console._write (C:\Users\Administrator\AppData\Local\npm-cache\_npx\ba4f1959e38407b5\node_modules\winston-transport\modern.js:103:17)
    at doWrite (C:\Users\Administrator\AppData\Local\npm-cache\_npx\ba4f1959e38407b5\node_modules\winston-transport\node_modules\readable-stream\lib\_stream_writable.js:390:139)
    at writeOrBuffer (C:\Users\Administrator\AppData\Local\npm-cache\_npx\ba4f1959e38407b5\node_modules\winston-transport\node_modules\readable-stream\lib\_stream_writable.js:381:5)
    at Writable.write (C:\Users\Administrator\AppData\Local\npm-cache\_npx\ba4f1959e38407b5\node_modules\winston-transport\node_modules\readable-stream\lib\_stream_writable.js:302:11)
    at DerivedLogger.ondata (C:\Users\Administrator\AppData\Local\npm-cache\_npx\ba4f1959e38407b5\node_modules\winston\node_modules\readable-stream\lib\_stream_readable.js:629:20)
[error] 
[error] Error: An unexpected error has occurred.
[debug] [2026-08-15T17:33:13.373Z] Error: EPIPE: broken pipe, write
    at Socket._write (node:internal/net:63:18)
    at writeOrBuffer (node:internal/streams/writable:570:12)
    at _write (node:internal/streams/writable:499:10)
    at Writable.write (node:internal/streams/writable:508:10)
    at Console.log (C:\Users\Administrator\AppData\Local\npm-cache\_npx\ba4f1959e38407b5\node_modules\winston\lib\winston\transports\console.js:87:23)
    at Console._write (C:\Users\Administrator\AppData\Local\npm-cache\_npx\ba4f1959e38407b5\node_modules\winston-transport\modern.js:103:17)
    at doWrite (C:\Users\Administrator\AppData\Local\npm-cache\_npx\ba4f1959e38407b5\node_modules\winston-transport\node_modules\readable-stream\lib\_stream_writable.js:390:139)
    at writeOrBuffer (C:\Users\Administrator\AppData\Local\npm-cache\_npx\ba4f1959e38407b5\node_modules\winston-transport\node_modules\readable-stream\lib\_stream_writable.js:381:5)
    at Writable.write (C:\Users\Administrator\AppData\Local\npm-cache\_npx\ba4f1959e38407b5\node_modules\winston-transport\node_modules\readable-stream\lib\_stream_writable.js:302:11)
    at DerivedLogger.ondata (C:\Users\Administrator\AppData\Local\npm-cache\_npx\ba4f1959e38407b5\node_modules\winston\node_modules\readable-stream\lib\_stream_readable.js:629:20)
[error] 
[error] Error: An unexpected error has occurred.
[debug] [2026-08-15T17:33:13.373Z] Error: EPIPE: broken pipe, write
    at Socket._write (node:internal/net:63:18)
    at writeOrBuffer (node:internal/streams/writable:570:12)
    at _write (node:internal/streams/writable:499:10)
    at Writable.write (node:internal/streams/writable:508:10)
    at Console.log (C:\Users\Administrator\AppData\Local\npm-cache\_npx\ba4f1959e38407b5\node_modules\winston\lib\winston\transports\console.js:87:23)
    at Console._write (C:\Users\Administrator\AppData\Local\npm-cache\_npx\ba4f1959e38407b5\node_modules\winston-transport\modern.js:103:17)
    at doWrite (C:\Users\Administrator\AppData\Local\npm-cache\_npx\ba4f1959e38407b5\node_modules\winston-transport\node_modules\readable-stream\lib\_stream_writable.js:390:139)
    at writeOrBuffer (C:\Users\Administrator\AppData\Local\npm-cache\_npx\ba4f1959e38407b5\node_modules\winston-transport\node_modules\readable-stream\lib\_stream_writable.js:381:5)
    at Writable.write (C:\Users\Administrator\AppData\Local\npm-cache\_npx\ba4f1959e38407b5\node_modules\winston-transport\node_modules\readable-stream\lib\_stream_writable.js:302:11)
    at DerivedLogger.ondata (C:\Users\Administrator\AppData\Local\npm-cache\_npx\ba4f1959e38407b5\node_modules\winston\node_modules\readable-stream\lib\_stream_readable.js:629:20)
[error] 
[error] Error: An unexpected error has occurred.
[debug] [2026-08-15T17:33:13.374Z] Error: EPIPE: broken pipe, write
    at Socket._write (node:internal/net:63:18)
    at writeOrBuffer (node:internal/streams/writable:570:12)
    at _write (node:internal/streams/writable:499:10)
    at Writable.write (node:internal/streams/writable:508:10)
    at Console.log (C:\Users\Administrator\AppData\Local\npm-cache\_npx\ba4f1959e38407b5\node_modules\winston\lib\winston\transports\console.js:87:23)
    at Console._write (C:\Users\Administrator\AppData\Local\npm-cache\_npx\ba4f1959e38407b5\node_modules\winston-transport\modern.js:103:17)
    at doWrite (C:\Users\Administrator\AppData\Local\npm-cache\_npx\ba4f1959e38407b5\node_modules\winston-transport\node_modules\readable-stream\lib\_stream_writable.js:390:139)
    at writeOrBuffer (C:\Users\Administrator\AppData\Local\npm-cache\_npx\ba4f1959e38407b5\node_modules\winston-transport\node_modules\readable-stream\lib\_stream_writable.js:381:5)
    at Writable.write (C:\Users\Administrator\AppData\Local\npm-cache\_npx\ba4f1959e38407b5\node_modules\winston-transport\node_modules\readable-stream\lib\_stream_writable.js:302:11)
    at DerivedLogger.ondata (C:\Users\Administrator\AppData\Local\npm-cache\_npx\ba4f1959e38407b5\node_modules\winston\node_modules\readable-stream\lib\_stream_readable.js:629:20)
[error] 
[error] Error: An unexpected error has occurred.
[debug] [2026-08-15T17:33:13.374Z] Error: EPIPE: broken pipe, write
    at Socket._write (node:internal/net:63:18)
    at writeOrBuffer (node:internal/streams/writable:570:12)
    at _write (node:internal/streams/writable:499:10)
    at Writable.write (node:internal/streams/writable:508:10)
    at Console.log (C:\Users\Administrator\AppData\Local\npm-cache\_npx\ba4f1959e38407b5\node_modules\winston\lib\winston\transports\console.js:87:23)
    at Console._write (C:\Users\Administrator\AppData\Local\npm-cache\_npx\ba4f1959e38407b5\node_modules\winston-transport\modern.js:103:17)
    at doWrite (C:\Users\Administrator\AppData\Local\npm-cache\_npx\ba4f1959e38407b5\node_modules\winston-transport\node_modules\readable-stream\lib\_stream_writable.js:390:139)
    at writeOrBuffer (C:\Users\Administrator\AppData\Local\npm-cache\_npx\ba4f1959e38407b5\node_modules\winston-transport\node_modules\readable-stream\lib\_stream_writable.js:381:5)
    at Writable.write (C:\Users\Administrator\AppData\Local\npm-cache\_npx\ba4f1959e38407b5\node_modules\winston-transport\node_modules\readable-stream\lib\_stream_writable.js:302:11)
    at DerivedLogger.ondata (C:\Users\Administrator\AppData\Local\npm-cache\_npx\ba4f1959e38407b5\node_modules\winston\node_modules\readable-stream\lib\_stream_readable.js:629:20)
[error] 
[error] Error: An unexpected error has occurred.
[debug] [2026-08-15T17:33:13.375Z] Error: EPIPE: broken pipe, write
    at Socket._write (node:internal/net:63:18)
    at writeOrBuffer (node:internal/streams/writable:570:12)
    at _write (node:internal/streams/writable:499:10)
    at Writable.write (node:internal/streams/writable:508:10)
    at Console.log (C:\Users\Administrator\AppData\Local\npm-cache\_npx\ba4f1959e38407b5\node_modules\winston\lib\winston\transports\console.js:87:23)
    at Console._write (C:\Users\Administrator\AppData\Local\npm-cache\_npx\ba4f1959e38407b5\node_modules\winston-transport\modern.js:103:17)
    at doWrite (C:\Users\Administrator\AppData\Local\npm-cache\_npx\ba4f1959e38407b5\node_modules\winston-transport\node_modules\readable-stream\lib\_stream_writable.js:390:139)
    at writeOrBuffer (C:\Users\Administrator\AppData\Local\npm-cache\_npx\ba4f1959e38407b5\node_modules\winston-transport\node_modules\readable-stream\lib\_stream_writable.js:381:5)
    at Writable.write (C:\Users\Administrator\AppData\Local\npm-cache\_npx\ba4f1959e38407b5\node_modules\winston-transport\node_modules\readable-stream\lib\_stream_writable.js:302:11)
    at DerivedLogger.ondata (C:\Users\Administrator\AppData\Local\npm-cache\_npx\ba4f1959e38407b5\node_modules\winston\node_modules\readable-stream\lib\_stream_readable.js:629:20)
[error] 
[error] Error: An unexpected error has occurred.
[debug] [2026-08-15T17:33:13.376Z] Error: EPIPE: broken pipe, write
    at Socket._write (node:internal/net:63:18)
    at writeOrBuffer (node:internal/streams/writable:570:12)
    at _write (node:internal/streams/writable:499:10)
    at Writable.write (node:internal/streams/writable:508:10)
    at Console.log (C:\Users\Administrator\AppData\Local\npm-cache\_npx\ba4f1959e38407b5\node_modules\winston\lib\winston\transports\console.js:87:23)
    at Console._write (C:\Users\Administrator\AppData\Local\npm-cache\_npx\ba4f1959e38407b5\node_modules\winston-transport\modern.js:103:17)
    at doWrite (C:\Users\Administrator\AppData\Local\npm-cache\_npx\ba4f1959e38407b5\node_modules\winston-transport\node_modules\readable-stream\lib\_stream_writable.js:390:139)
    at writeOrBuffer (C:\Users\Administrator\AppData\Local\npm-cache\_npx\ba4f1959e38407b5\node_modules\winston-transport\node_modules\readable-stream\lib\_stream_writable.js:381:5)
    at Writable.write (C:\Users\Administrator\AppData\Local\npm-cache\_npx\ba4f1959e38407b5\node_modules\winston-transport\node_modules\readable-stream\lib\_stream_writable.js:302:11)
    at DerivedLogger.ondata (C:\Users\Administrator\AppData\Local\npm-cache\_npx\ba4f1959e38407b5\node_modules\winston\node_modules\readable-stream\lib\_stream_readable.js:629:20)
[error] 
[error] Error: An unexpected error has occurred.
[debug] [2026-08-15T17:33:13.376Z] Error: EPIPE: broken pipe, write
    at Socket._write (node:internal/net:63:18)
    at writeOrBuffer (node:internal/streams/writable:570:12)
    at _write (node:internal/streams/writable:499:10)
    at Writable.write (node:internal/streams/writable:508:10)
    at Console.log (C:\Users\Administrator\AppData\Local\npm-cache\_npx\ba4f1959e38407b5\node_modules\winston\lib\winston\transports\console.js:87:23)
    at Console._write (C:\Users\Administrator\AppData\Local\npm-cache\_npx\ba4f1959e38407b5\node_modules\winston-transport\modern.js:103:17)
    at doWrite (C:\Users\Administrator\AppData\Local\npm-cache\_npx\ba4f1959e38407b5\node_modules\winston-transport\node_modules\readable-stream\lib\_stream_writable.js:390:139)
    at writeOrBuffer (C:\Users\Administrator\AppData\Local\npm-cache\_npx\ba4f1959e38407b5\node_modules\winston-transport\node_modules\readable-stream\lib\_stream_writable.js:381:5)
    at Writable.write (C:\Users\Administrator\AppData\Local\npm-cache\_npx\ba4f1959e38407b5\node_modules\winston-transport\node_modules\readable-stream\lib\_stream_writable.js:302:11)
    at DerivedLogger.ondata (C:\Users\Administrator\AppData\Local\npm-cache\_npx\ba4f1959e38407b5\node_modules\winston\node_modules\readable-stream\lib\_stream_readable.js:629:20)
[error] 
[error] Error: An unexpected error has occurred.
[debug] [2026-08-15T17:33:13.377Z] Error: EPIPE: broken pipe, write
    at Socket._write (node:internal/net:63:18)
    at writeOrBuffer (node:internal/streams/writable:570:12)
    at _write (node:internal/streams/writable:499:10)
    at Writable.write (node:internal/streams/writable:508:10)
    at Console.log (C:\Users\Administrator\AppData\Local\npm-cache\_npx\ba4f1959e38407b5\node_modules\winston\lib\winston\transports\console.js:87:23)
    at Console._write (C:\Users\Administrator\AppData\Local\npm-cache\_npx\ba4f1959e38407b5\node_modules\winston-transport\modern.js:103:17)
    at doWrite (C:\Users\Administrator\AppData\Local\npm-cache\_npx\ba4f1959e38407b5\node_modules\winston-transport\node_modules\readable-stream\lib\_stream_writable.js:390:139)
    at writeOrBuffer (C:\Users\Administrator\AppData\Local\npm-cache\_npx\ba4f1959e38407b5\node_modules\winston-transport\node_modules\readable-stream\lib\_stream_writable.js:381:5)
    at Writable.write (C:\Users\Administrator\AppData\Local\npm-cache\_npx\ba4f1959e38407b5\node_modules\winston-transport\node_modules\readable-stream\lib\_stream_writable.js:302:11)
    at DerivedLogger.ondata (C:\Users\Administrator\AppData\Local\npm-cache\_npx\ba4f1959e38407b5\node_modules\winston\node_modules\readable-stream\lib\_stream_readable.js:629:20)
[error] 
[error] Error: An unexpected error has occurred.
[debug] [2026-08-15T17:33:13.377Z] Error: EPIPE: broken pipe, write
    at Socket._write (node:internal/net:63:18)
    at writeOrBuffer (node:internal/streams/writable:570:12)
    at _write (node:internal/streams/writable:499:10)
    at Writable.write (node:internal/streams/writable:508:10)
    at Console.log (C:\Users\Administrator\AppData\Local\npm-cache\_npx\ba4f1959e38407b5\node_modules\winston\lib\winston\transports\console.js:87:23)
    at Console._write (C:\Users\Administrator\AppData\Local\npm-cache\_npx\ba4f1959e38407b5\node_modules\winston-transport\modern.js:103:17)
    at doWrite (C:\Users\Administrator\AppData\Local\npm-cache\_npx\ba4f1959e38407b5\node_modules\winston-transport\node_modules\readable-stream\lib\_stream_writable.js:390:139)
    at writeOrBuffer (C:\Users\Administrator\AppData\Local\npm-cache\_npx\ba4f1959e38407b5\node_modules\winston-transport\node_modules\readable-stream\lib\_stream_writable.js:381:5)
    at Writable.write (C:\Users\Administrator\AppData\Local\npm-cache\_npx\ba4f1959e38407b5\node_modules\winston-transport\node_modules\readable-stream\lib\_stream_writable.js:302:11)
    at DerivedLogger.ondata (C:\Users\Administrator\AppData\Local\npm-cache\_npx\ba4f1959e38407b5\node_modules\winston\node_modules\readable-stream\lib\_stream_readable.js:629:20)
[error] 
[error] Error: An unexpected error has occurred.
[debug] [2026-08-15T17:33:13.378Z] Error: EPIPE: broken pipe, write
    at Socket._write (node:internal/net:63:18)
    at writeOrBuffer (node:internal/streams/writable:570:12)
    at _write (node:internal/streams/writable:499:10)
    at Writable.write (node:internal/streams/writable:508:10)
    at Console.log (C:\Users\Administrator\AppData\Local\npm-cache\_npx\ba4f1959e38407b5\node_modules\winston\lib\winston\transports\console.js:87:23)
    at Console._write (C:\Users\Administrator\AppData\Local\npm-cache\_npx\ba4f1959e38407b5\node_modules\winston-transport\modern.js:103:17)
    at doWrite (C:\Users\Administrator\AppData\Local\npm-cache\_npx\ba4f1959e38407b5\node_modules\winston-transport\node_modules\readable-stream\lib\_stream_writable.js:390:139)
    at writeOrBuffer (C:\Users\Administrator\AppData\Local\npm-cache\_npx\ba4f1959e38407b5\node_modules\winston-transport\node_modules\readable-stream\lib\_stream_writable.js:381:5)
    at Writable.write (C:\Users\Administrator\AppData\Local\npm-cache\_npx\ba4f1959e38407b5\node_modules\winston-transport\node_modules\readable-stream\lib\_stream_writable.js:302:11)
    at DerivedLogger.ondata (C:\Users\Administrator\AppData\Local\npm-cache\_npx\ba4f1959e38407b5\node_modules\winston\node_modules\readable-stream\lib\_stream_readable.js:629:20)
[error] 
[error] Error: An unexpected error has occurred.
[debug] [2026-08-15T17:33:13.378Z] Error: EPIPE: broken pipe, write
    at Socket._write (node:internal/net:63:18)
    at writeOrBuffer (node:internal/streams/writable:570:12)
    at _write (node:internal/streams/writable:499:10)
    at Writable.write (node:internal/streams/writable:508:10)
    at Console.log (C:\Users\Administrator\AppData\Local\npm-cache\_npx\ba4f1959e38407b5\node_modules\winston\lib\winston\transports\console.js:87:23)
    at Console._write (C:\Users\Administrator\AppData\Local\npm-cache\_npx\ba4f1959e38407b5\node_modules\winston-transport\modern.js:103:17)
    at doWrite (C:\Users\Administrator\AppData\Local\npm-cache\_npx\ba4f1959e38407b5\node_modules\winston-transport\node_modules\readable-stream\lib\_stream_writable.js:390:139)
    at writeOrBuffer (C:\Users\Administrator\AppData\Local\npm-cache\_npx\ba4f1959e38407b5\node_modules\winston-transport\node_modules\readable-stream\lib\_stream_writable.js:381:5)
    at Writable.write (C:\Users\Administrator\AppData\Local\npm-cache\_npx\ba4f1959e38407b5\node_modules\winston-transport\node_modules\readable-stream\lib\_stream_writable.js:302:11)
    at DerivedLogger.ondata (C:\Users\Administrator\AppData\Local\npm-cache\_npx\ba4f1959e38407b5\node_modules\winston\node_modules\readable-stream\lib\_stream_readable.js:629:20)
[error] 
[error] Error: An unexpected error has occurred.
[debug] [2026-08-15T17:33:13.379Z] Error: EPIPE: broken pipe, write
    at Socket._write (node:internal/net:63:18)
    at writeOrBuffer (node:internal/streams/writable:570:12)
    at _write (node:internal/streams/writable:499:10)
    at Writable.write (node:internal/streams/writable:508:10)
    at Console.log (C:\Users\Administrator\AppData\Local\npm-cache\_npx\ba4f1959e38407b5\node_modules\winston\lib\winston\transports\console.js:87:23)
    at Console._write (C:\Users\Administrator\AppData\Local\npm-cache\_npx\ba4f1959e38407b5\node_modules\winston-transport\modern.js:103:17)
    at doWrite (C:\Users\Administrator\AppData\Local\npm-cache\_npx\ba4f1959e38407b5\node_modules\winston-transport\node_modules\readable-stream\lib\_stream_writable.js:390:139)
    at writeOrBuffer (C:\Users\Administrator\AppData\Local\npm-cache\_npx\ba4f1959e38407b5\node_modules\winston-transport\node_modules\readable-stream\lib\_stream_writable.js:381:5)
    at Writable.write (C:\Users\Administrator\AppData\Local\npm-cache\_npx\ba4f1959e38407b5\node_modules\winston-transport\node_modules\readable-stream\lib\_stream_writable.js:302:11)
    at DerivedLogger.ondata (C:\Users\Administrator\AppData\Local\npm-cache\_npx\ba4f1959e38407b5\node_modules\winston\node_modules\readable-stream\lib\_stream_readable.js:629:20)
[error] 
[error] Error: An unexpected error has occurred.
[debug] [2026-08-15T17:33:13.379Z] Error: EPIPE: broken pipe, write
    at Socket._write (node:internal/net:63:18)
    at writeOrBuffer (node:internal/streams/writable:570:12)
    at _write (node:internal/streams/writable:499:10)
    at Writable.write (node:internal/streams/writable:508:10)
    at Console.log (C:\Users\Administrator\AppData\Local\npm-cache\_npx\ba4f1959e38407b5\node_modules\winston\lib\winston\transports\console.js:87:23)
    at Console._write (C:\Users\Administrator\AppData\Local\npm-cache\_npx\ba4f1959e38407b5\node_modules\winston-transport\modern.js:103:17)
    at doWrite (C:\Users\Administrator\AppData\Local\npm-cache\_npx\ba4f1959e38407b5\node_modules\winston-transport\node_modules\readable-stream\lib\_stream_writable.js:390:139)
    at writeOrBuffer (C:\Users\Administrator\AppData\Local\npm-cache\_npx\ba4f1959e38407b5\node_modules\winston-transport\node_modules\readable-stream\lib\_stream_writable.js:381:5)
    at Writable.write (C:\Users\Administrator\AppData\Local\npm-cache\_npx\ba4f1959e38407b5\node_modules\winston-transport\node_modules\readable-stream\lib\_stream_writable.js:302:11)
    at DerivedLogger.ondata (C:\Users\Administrator\AppData\Local\npm-cache\_npx\ba4f1959e38407b5\node_modules\winston\node_modules\readable-stream\lib\_stream_readable.js:629:20)
[error] 
[error] Error: An unexpected error has occurred.
[debug] [2026-08-15T17:33:13.379Z] Error: EPIPE: broken pipe, write
    at Socket._write (node:internal/net:63:18)
    at writeOrBuffer (node:internal/streams/writable:570:12)
    at _write (node:internal/streams/writable:499:10)
    at Writable.write (node:internal/streams/writable:508:10)
    at Console.log (C:\Users\Administrator\AppData\Local\npm-cache\_npx\ba4f1959e38407b5\node_modules\winston\lib\winston\transports\console.js:87:23)
    at Console._write (C:\Users\Administrator\AppData\Local\npm-cache\_npx\ba4f1959e38407b5\node_modules\winston-transport\modern.js:103:17)
    at doWrite (C:\Users\Administrator\AppData\Local\npm-cache\_npx\ba4f1959e38407b5\node_modules\winston-transport\node_modules\readable-stream\lib\_stream_writable.js:390:139)
    at writeOrBuffer (C:\Users\Administrator\AppData\Local\npm-cache\_npx\ba4f1959e38407b5\node_modules\winston-transport\node_modules\readable-stream\lib\_stream_writable.js:381:5)
    at Writable.write (C:\Users\Administrator\AppData\Local\npm-cache\_npx\ba4f1959e38407b5\node_modules\winston-transport\node_modules\readable-stream\lib\_stream_writable.js:302:11)
    at DerivedLogger.ondata (C:\Users\Administrator\AppData\Local\npm-cache\_npx\ba4f1959e38407b5\node_modules\winston\node_modules\readable-stream\lib\_stream_readable.js:629:20)
[error] 
[error] Error: An unexpected error has occurred.
[debug] [2026-08-15T17:33:13.380Z] Error: EPIPE: broken pipe, write
    at Socket._write (node:internal/net:63:18)
    at writeOrBuffer (node:internal/streams/writable:570:12)
    at _write (node:internal/streams/writable:499:10)
    at Writable.write (node:internal/streams/writable:508:10)
    at Console.log (C:\Users\Administrator\AppData\Local\npm-cache\_npx\ba4f1959e38407b5\node_modules\winston\lib\winston\transports\console.js:87:23)
    at Console._write (C:\Users\Administrator\AppData\Local\npm-cache\_npx\ba4f1959e38407b5\node_modules\winston-transport\modern.js:103:17)
    at doWrite (C:\Users\Administrator\AppData\Local\npm-cache\_npx\ba4f1959e38407b5\node_modules\winston-transport\node_modules\readable-stream\lib\_stream_writable.js:390:139)
    at writeOrBuffer (C:\Users\Administrator\AppData\Local\npm-cache\_npx\ba4f1959e38407b5\node_modules\winston-transport\node_modules\readable-stream\lib\_stream_writable.js:381:5)
    at Writable.write (C:\Users\Administrator\AppData\Local\npm-cache\_npx\ba4f1959e38407b5\node_modules\winston-transport\node_modules\readable-stream\lib\_stream_writable.js:302:11)
    at DerivedLogger.ondata (C:\Users\Administrator\AppData\Local\npm-cache\_npx\ba4f1959e38407b5\node_modules\winston\node_modules\readable-stream\lib\_stream_readable.js:629:20)
[error] 
[error] Error: An unexpected error has occurred.
[debug] [2026-08-15T17:33:13.380Z] Error: EPIPE: broken pipe, write
    at Socket._write (node:internal/net:63:18)
    at writeOrBuffer (node:internal/streams/writable:570:12)
    at _write (node:internal/streams/writable:499:10)
    at Writable.write (node:internal/streams/writable:508:10)
    at Console.log (C:\Users\Administrator\AppData\Local\npm-cache\_npx\ba4f1959e38407b5\node_modules\winston\lib\winston\transports\console.js:87:23)
    at Console._write (C:\Users\Administrator\AppData\Local\npm-cache\_npx\ba4f1959e38407b5\node_modules\winston-transport\modern.js:103:17)
    at doWrite (C:\Users\Administrator\AppData\Local\npm-cache\_npx\ba4f1959e38407b5\node_modules\winston-transport\node_modules\readable-stream\lib\_stream_writable.js:390:139)
    at writeOrBuffer (C:\Users\Administrator\AppData\Local\npm-cache\_npx\ba4f1959e38407b5\node_modules\winston-transport\node_modules\readable-stream\lib\_stream_writable.js:381:5)
    at Writable.write (C:\Users\Administrator\AppData\Local\npm-cache\_npx\ba4f1959e38407b5\node_modules\winston-transport\node_modules\readable-stream\lib\_stream_writable.js:302:11)
    at DerivedLogger.ondata (C:\Users\Administrator\AppData\Local\npm-cache\_npx\ba4f1959e38407b5\node_modules\winston\node_modules\readable-stream\lib\_stream_readable.js:629:20)
[error] 
[error] Error: An unexpected error has occurred.
[debug] [2026-08-15T17:33:13.382Z] Error: EPIPE: broken pipe, write
    at Socket._write (node:internal/net:63:18)
    at writeOrBuffer (node:internal/streams/writable:570:12)
    at _write (node:internal/streams/writable:499:10)
    at Writable.write (node:internal/streams/writable:508:10)
    at Console.log (C:\Users\Administrator\AppData\Local\npm-cache\_npx\ba4f1959e38407b5\node_modules\winston\lib\winston\transports\console.js:87:23)
    at Console._write (C:\Users\Administrator\AppData\Local\npm-cache\_npx\ba4f1959e38407b5\node_modules\winston-transport\modern.js:103:17)
    at doWrite (C:\Users\Administrator\AppData\Local\npm-cache\_npx\ba4f1959e38407b5\node_modules\winston-transport\node_modules\readable-stream\lib\_stream_writable.js:390:139)
    at writeOrBuffer (C:\Users\Administrator\AppData\Local\npm-cache\_npx\ba4f1959e38407b5\node_modules\winston-transport\node_modules\readable-stream\lib\_stream_writable.js:381:5)
    at Writable.write (C:\Users\Administrator\AppData\Local\npm-cache\_npx\ba4f1959e38407b5\node_modules\winston-transport\node_modules\readable-stream\lib\_stream_writable.js:302:11)
    at DerivedLogger.ondata (C:\Users\Administrator\AppData\Local\npm-cache\_npx\ba4f1959e38407b5\node_modules\winston\node_modules\readable-stream\lib\_stream_readable.js:629:20)
[error] 
[error] Error: An unexpected error has occurred.
[debug] [2026-08-15T17:33:13.383Z] Error: EPIPE: broken pipe, write
    at Socket._write (node:internal/net:63:18)
    at writeOrBuffer (node:internal/streams/writable:570:12)
    at _write (node:internal/streams/writable:499:10)
    at Writable.write (node:internal/streams/writable:508:10)
    at Console.log (C:\Users\Administrator\AppData\Local\npm-cache\_npx\ba4f1959e38407b5\node_modules\winston\lib\winston\transports\console.js:87:23)
    at Console._write (C:\Users\Administrator\AppData\Local\npm-cache\_npx\ba4f1959e38407b5\node_modules\winston-transport\modern.js:103:17)
    at doWrite (C:\Users\Administrator\AppData\Local\npm-cache\_npx\ba4f1959e38407b5\node_modules\winston-transport\node_modules\readable-stream\lib\_stream_writable.js:390:139)
    at writeOrBuffer (C:\Users\Administrator\AppData\Local\npm-cache\_npx\ba4f1959e38407b5\node_modules\winston-transport\node_modules\readable-stream\lib\_stream_writable.js:381:5)
    at Writable.write (C:\Users\Administrator\AppData\Local\npm-cache\_npx\ba4f1959e38407b5\node_modules\winston-transport\node_modules\readable-stream\lib\_stream_writable.js:302:11)
    at DerivedLogger.ondata (C:\Users\Administrator\AppData\Local\npm-cache\_npx\ba4f1959e38407b5\node_modules\winston\node_modules\readable-stream\lib\_stream_readable.js:629:20)
[error] 
[error] Error: An unexpected error has occurred.
[debug] [2026-08-15T17:33:13.383Z] Error: EPIPE: broken pipe, write
    at Socket._write (node:internal/net:63:18)
    at writeOrBuffer (node:internal/streams/writable:570:12)
    at _write (node:internal/streams/writable:499:10)
    at Writable.write (node:internal/streams/writable:508:10)
    at Console.log (C:\Users\Administrator\AppData\Local\npm-cache\_npx\ba4f1959e38407b5\node_modules\winston\lib\winston\transports\console.js:87:23)
    at Console._write (C:\Users\Administrator\AppData\Local\npm-cache\_npx\ba4f1959e38407b5\node_modules\winston-transport\modern.js:103:17)
    at doWrite (C:\Users\Administrator\AppData\Local\npm-cache\_npx\ba4f1959e38407b5\node_modules\winston-transport\node_modules\readable-stream\lib\_stream_writable.js:390:139)
    at writeOrBuffer (C:\Users\Administrator\AppData\Local\npm-cache\_npx\ba4f1959e38407b5\node_modules\winston-transport\node_modules\readable-stream\lib\_stream_writable.js:381:5)
    at Writable.write (C:\Users\Administrator\AppData\Local\npm-cache\_npx\ba4f1959e38407b5\node_modules\winston-transport\node_modules\readable-stream\lib\_stream_writable.js:302:11)
    at DerivedLogger.ondata (C:\Users\Administrator\AppData\Local\npm-cache\_npx\ba4f1959e38407b5\node_modules\winston\node_modules\readable-stream\lib\_stream_readable.js:629:20)
[error] 
[error] Error: An unexpected error has occurred.
[debug] [2026-08-15T17:33:13.384Z] Error: EPIPE: broken pipe, write
    at Socket._write (node:internal/net:63:18)
    at writeOrBuffer (node:internal/streams/writable:570:12)
    at _write (node:internal/streams/writable:499:10)
    at Writable.write (node:internal/streams/writable:508:10)
    at Console.log (C:\Users\Administrator\AppData\Local\npm-cache\_npx\ba4f1959e38407b5\node_modules\winston\lib\winston\transports\console.js:87:23)
    at Console._write (C:\Users\Administrator\AppData\Local\npm-cache\_npx\ba4f1959e38407b5\node_modules\winston-transport\modern.js:103:17)
    at doWrite (C:\Users\Administrator\AppData\Local\npm-cache\_npx\ba4f1959e38407b5\node_modules\winston-transport\node_modules\readable-stream\lib\_stream_writable.js:390:139)
    at writeOrBuffer (C:\Users\Administrator\AppData\Local\npm-cache\_npx\ba4f1959e38407b5\node_modules\winston-transport\node_modules\readable-stream\lib\_stream_writable.js:381:5)
    at Writable.write (C:\Users\Administrator\AppData\Local\npm-cache\_npx\ba4f1959e38407b5\node_modules\winston-transport\node_modules\readable-stream\lib\_stream_writable.js:302:11)
    at DerivedLogger.ondata (C:\Users\Administrator\AppData\Local\npm-cache\_npx\ba4f1959e38407b5\node_modules\winston\node_modules\readable-stream\lib\_stream_readable.js:629:20)
[error] 
[error] Error: An unexpected error has occurred.
[debug] [2026-08-15T17:33:13.385Z] Error: EPIPE: broken pipe, write
    at Socket._write (node:internal/net:63:18)
    at writeOrBuffer (node:internal/streams/writable:570:12)
    at _write (node:internal/streams/writable:499:10)
    at Writable.write (node:internal/streams/writable:508:10)
    at Console.log (C:\Users\Administrator\AppData\Local\npm-cache\_npx\ba4f1959e38407b5\node_modules\winston\lib\winston\transports\console.js:87:23)
    at Console._write (C:\Users\Administrator\AppData\Local\npm-cache\_npx\ba4f1959e38407b5\node_modules\winston-transport\modern.js:103:17)
    at doWrite (C:\Users\Administrator\AppData\Local\npm-cache\_npx\ba4f1959e38407b5\node_modules\winston-transport\node_modules\readable-stream\lib\_stream_writable.js:390:139)
    at writeOrBuffer (C:\Users\Administrator\AppData\Local\npm-cache\_npx\ba4f1959e38407b5\node_modules\winston-transport\node_modules\readable-stream\lib\_stream_writable.js:381:5)
    at Writable.write (C:\Users\Administrator\AppData\Local\npm-cache\_npx\ba4f1959e38407b5\node_modules\winston-transport\node_modules\readable-stream\lib\_stream_writable.js:302:11)
    at DerivedLogger.ondata (C:\Users\Administrator\AppData\Local\npm-cache\_npx\ba4f1959e38407b5\node_modules\winston\node_modules\readable-stream\lib\_stream_readable.js:629:20)
[error] 
[error] Error: An unexpected error has occurred.
[debug] [2026-08-15T17:33:13.385Z] Error: EPIPE: broken pipe, write
    at Socket._write (node:internal/net:63:18)
    at writeOrBuffer (node:internal/streams/writable:570:12)
    at _write (node:internal/streams/writable:499:10)
    at Writable.write (node:internal/streams/writable:508:10)
    at Console.log (C:\Users\Administrator\AppData\Local\npm-cache\_npx\ba4f1959e38407b5\node_modules\winston\lib\winston\transports\console.js:87:23)
    at Console._write (C:\Users\Administrator\AppData\Local\npm-cache\_npx\ba4f1959e38407b5\node_modules\winston-transport\modern.js:103:17)
    at doWrite (C:\Users\Administrator\AppData\Local\npm-cache\_npx\ba4f1959e38407b5\node_modules\winston-transport\node_modules\readable-stream\lib\_stream_writable.js:390:139)
    at writeOrBuffer (C:\Users\Administrator\AppData\Local\npm-cache\_npx\ba4f1959e38407b5\node_modules\winston-transport\node_modules\readable-stream\lib\_stream_writable.js:381:5)
    at Writable.write (C:\Users\Administrator\AppData\Local\npm-cache\_npx\ba4f1959e38407b5\node_modules\winston-transport\node_modules\readable-stream\lib\_stream_writable.js:302:11)
    at DerivedLogger.ondata (C:\Users\Administrator\AppData\Local\npm-cache\_npx\ba4f1959e38407b5\node_modules\winston\node_modules\readable-stream\lib\_stream_readable.js:629:20)
[error] 
[error] Error: An unexpected error has occurred.
[debug] [2026-08-15T17:33:13.386Z] Error: EPIPE: broken pipe, write
    at Socket._write (node:internal/net:63:18)
    at writeOrBuffer (node:internal/streams/writable:570:12)
    at _write (node:internal/streams/writable:499:10)
    at Writable.write (node:internal/streams/writable:508:10)
    at Console.log (C:\Users\Administrator\AppData\Local\npm-cache\_npx\ba4f1959e38407b5\node_modules\winston\lib\winston\transports\console.js:87:23)
    at Console._write (C:\Users\Administrator\AppData\Local\npm-cache\_npx\ba4f1959e38407b5\node_modules\winston-transport\modern.js:103:17)
    at doWrite (C:\Users\Administrator\AppData\Local\npm-cache\_npx\ba4f1959e38407b5\node_modules\winston-transport\node_modules\readable-stream\lib\_stream_writable.js:390:139)
    at writeOrBuffer (C:\Users\Administrator\AppData\Local\npm-cache\_npx\ba4f1959e38407b5\node_modules\winston-transport\node_modules\readable-stream\lib\_stream_writable.js:381:5)
    at Writable.write (C:\Users\Administrator\AppData\Local\npm-cache\_npx\ba4f1959e38407b5\node_modules\winston-transport\node_modules\readable-stream\lib\_stream_writable.js:302:11)
    at DerivedLogger.ondata (C:\Users\Administrator\AppData\Local\npm-cache\_npx\ba4f1959e38407b5\node_modules\winston\node_modules\readable-stream\lib\_stream_readable.js:629:20)
[error] 
[error] Error: An unexpected error has occurred.
[debug] [2026-08-15T17:33:13.386Z] Error: EPIPE: broken pipe, write
    at Socket._write (node:internal/net:63:18)
    at writeOrBuffer (node:internal/streams/writable:570:12)
    at _write (node:internal/streams/writable:499:10)
    at Writable.write (node:internal/streams/writable:508:10)
    at Console.log (C:\Users\Administrator\AppData\Local\npm-cache\_npx\ba4f1959e38407b5\node_modules\winston\lib\winston\transports\console.js:87:23)
    at Console._write (C:\Users\Administrator\AppData\Local\npm-cache\_npx\ba4f1959e38407b5\node_modules\winston-transport\modern.js:103:17)
    at doWrite (C:\Users\Administrator\AppData\Local\npm-cache\_npx\ba4f1959e38407b5\node_modules\winston-transport\node_modules\readable-stream\lib\_stream_writable.js:390:139)
    at writeOrBuffer (C:\Users\Administrator\AppData\Local\npm-cache\_npx\ba4f1959e38407b5\node_modules\winston-transport\node_modules\readable-stream\lib\_stream_writable.js:381:5)
    at Writable.write (C:\Users\Administrator\AppData\Local\npm-cache\_npx\ba4f1959e38407b5\node_modules\winston-transport\node_modules\readable-stream\lib\_stream_writable.js:302:11)
    at DerivedLogger.ondata (C:\Users\Administrator\AppData\Local\npm-cache\_npx\ba4f1959e38407b5\node_modules\winston\node_modules\readable-stream\lib\_stream_readable.js:629:20)
[error] 
[error] Error: An unexpected error has occurred.
[debug] [2026-08-15T17:33:13.387Z] Error: EPIPE: broken pipe, write
    at Socket._write (node:internal/net:63:18)
    at writeOrBuffer (node:internal/streams/writable:570:12)
    at _write (node:internal/streams/writable:499:10)
    at Writable.write (node:internal/streams/writable:508:10)
    at Console.log (C:\Users\Administrator\AppData\Local\npm-cache\_npx\ba4f1959e38407b5\node_modules\winston\lib\winston\transports\console.js:87:23)
    at Console._write (C:\Users\Administrator\AppData\Local\npm-cache\_npx\ba4f1959e38407b5\node_modules\winston-transport\modern.js:103:17)
    at doWrite (C:\Users\Administrator\AppData\Local\npm-cache\_npx\ba4f1959e38407b5\node_modules\winston-transport\node_modules\readable-stream\lib\_stream_writable.js:390:139)
    at writeOrBuffer (C:\Users\Administrator\AppData\Local\npm-cache\_npx\ba4f1959e38407b5\node_modules\winston-transport\node_modules\readable-stream\lib\_stream_writable.js:381:5)
    at Writable.write (C:\Users\Administrator\AppData\Local\npm-cache\_npx\ba4f1959e38407b5\node_modules\winston-transport\node_modules\readable-stream\lib\_stream_writable.js:302:11)
    at DerivedLogger.ondata (C:\Users\Administrator\AppData\Local\npm-cache\_npx\ba4f1959e38407b5\node_modules\winston\node_modules\readable-stream\lib\_stream_readable.js:629:20)
[error] 
[error] Error: An unexpected error has occurred.
[debug] [2026-08-15T17:33:13.387Z] Error: EPIPE: broken pipe, write
    at Socket._write (node:internal/net:63:18)
    at writeOrBuffer (node:internal/streams/writable:570:12)
    at _write (node:internal/streams/writable:499:10)
    at Writable.write (node:internal/streams/writable:508:10)
    at Console.log (C:\Users\Administrator\AppData\Local\npm-cache\_npx\ba4f1959e38407b5\node_modules\winston\lib\winston\transports\console.js:87:23)
    at Console._write (C:\Users\Administrator\AppData\Local\npm-cache\_npx\ba4f1959e38407b5\node_modules\winston-transport\modern.js:103:17)
    at doWrite (C:\Users\Administrator\AppData\Local\npm-cache\_npx\ba4f1959e38407b5\node_modules\winston-transport\node_modules\readable-stream\lib\_stream_writable.js:390:139)
    at writeOrBuffer (C:\Users\Administrator\AppData\Local\npm-cache\_npx\ba4f1959e38407b5\node_modules\winston-transport\node_modules\readable-stream\lib\_stream_writable.js:381:5)
    at Writable.write (C:\Users\Administrator\AppData\Local\npm-cache\_npx\ba4f1959e38407b5\node_modules\winston-transport\node_modules\readable-stream\lib\_stream_writable.js:302:11)
    at DerivedLogger.ondata (C:\Users\Administrator\AppData\Local\npm-cache\_npx\ba4f1959e38407b5\node_modules\winston\node_modules\readable-stream\lib\_stream_readable.js:629:20)
[error] 
[error] Error: An unexpected error has occurred.
[debug] [2026-08-15T17:33:13.388Z] Error: EPIPE: broken pipe, write
    at Socket._write (node:internal/net:63:18)
    at writeOrBuffer (node:internal/streams/writable:570:12)
    at _write (node:internal/streams/writable:499:10)
    at Writable.write (node:internal/streams/writable:508:10)
    at Console.log (C:\Users\Administrator\AppData\Local\npm-cache\_npx\ba4f1959e38407b5\node_modules\winston\lib\winston\transports\console.js:87:23)
    at Console._write (C:\Users\Administrator\AppData\Local\npm-cache\_npx\ba4f1959e38407b5\node_modules\winston-transport\modern.js:103:17)
    at doWrite (C:\Users\Administrator\AppData\Local\npm-cache\_npx\ba4f1959e38407b5\node_modules\winston-transport\node_modules\readable-stream\lib\_stream_writable.js:390:139)
    at writeOrBuffer (C:\Users\Administrator\AppData\Local\npm-cache\_npx\ba4f1959e38407b5\node_modules\winston-transport\node_modules\readable-stream\lib\_stream_writable.js:381:5)
    at Writable.write (C:\Users\Administrator\AppData\Local\npm-cache\_npx\ba4f1959e38407b5\node_modules\winston-transport\node_modules\readable-stream\lib\_stream_writable.js:302:11)
    at DerivedLogger.ondata (C:\Users\Administrator\AppData\Local\npm-cache\_npx\ba4f1959e38407b5\node_modules\winston\node_modules\readable-stream\lib\_stream_readable.js:629:20)
[error] 
[error] Error: An unexpected error has occurred.
[debug] [2026-08-15T17:33:13.388Z] Error: EPIPE: broken pipe, write
    at Socket._write (node:internal/net:63:18)
    at writeOrBuffer (node:internal/streams/writable:570:12)
    at _write (node:internal/streams/writable:499:10)
    at Writable.write (node:internal/streams/writable:508:10)
    at Console.log (C:\Users\Administrator\AppData\Local\npm-cache\_npx\ba4f1959e38407b5\node_modules\winston\lib\winston\transports\console.js:87:23)
    at Console._write (C:\Users\Administrator\AppData\Local\npm-cache\_npx\ba4f1959e38407b5\node_modules\winston-transport\modern.js:103:17)
    at doWrite (C:\Users\Administrator\AppData\Local\npm-cache\_npx\ba4f1959e38407b5\node_modules\winston-transport\node_modules\readable-stream\lib\_stream_writable.js:390:139)
    at writeOrBuffer (C:\Users\Administrator\AppData\Local\npm-cache\_npx\ba4f1959e38407b5\node_modules\winston-transport\node_modules\readable-stream\lib\_stream_writable.js:381:5)
    at Writable.write (C:\Users\Administrator\AppData\Local\npm-cache\_npx\ba4f1959e38407b5\node_modules\winston-transport\node_modules\readable-stream\lib\_stream_writable.js:302:11)
    at DerivedLogger.ondata (C:\Users\Administrator\AppData\Local\npm-cache\_npx\ba4f1959e38407b5\node_modules\winston\node_modules\readable-stream\lib\_stream_readable.js:629:20)
[error] 
[error] Error: An unexpected error has occurred.
[debug] [2026-08-15T17:33:13.390Z] Error: EPIPE: broken pipe, write
    at Socket._write (node:internal/net:63:18)
    at writeOrBuffer (node:internal/streams/writable:570:12)
    at _write (node:internal/streams/writable:499:10)
    at Writable.write (node:internal/streams/writable:508:10)
    at Console.log (C:\Users\Administrator\AppData\Local\npm-cache\_npx\ba4f1959e38407b5\node_modules\winston\lib\winston\transports\console.js:87:23)
    at Console._write (C:\Users\Administrator\AppData\Local\npm-cache\_npx\ba4f1959e38407b5\node_modules\winston-transport\modern.js:103:17)
    at doWrite (C:\Users\Administrator\AppData\Local\npm-cache\_npx\ba4f1959e38407b5\node_modules\winston-transport\node_modules\readable-stream\lib\_stream_writable.js:390:139)
    at writeOrBuffer (C:\Users\Administrator\AppData\Local\npm-cache\_npx\ba4f1959e38407b5\node_modules\winston-transport\node_modules\readable-stream\lib\_stream_writable.js:381:5)
    at Writable.write (C:\Users\Administrator\AppData\Local\npm-cache\_npx\ba4f1959e38407b5\node_modules\winston-transport\node_modules\readable-stream\lib\_stream_writable.js:302:11)
    at DerivedLogger.ondata (C:\Users\Administrator\AppData\Local\npm-cache\_npx\ba4f1959e38407b5\node_modules\winston\node_modules\readable-stream\lib\_stream_readable.js:629:20)
[error] 
[error] Error: An unexpected error has occurred.
[debug] [2026-08-15T17:33:13.391Z] Error: EPIPE: broken pipe, write
    at Socket._write (node:internal/net:63:18)
    at writeOrBuffer (node:internal/streams/writable:570:12)
    at _write (node:internal/streams/writable:499:10)
    at Writable.write (node:internal/streams/writable:508:10)
    at Console.log (C:\Users\Administrator\AppData\Local\npm-cache\_npx\ba4f1959e38407b5\node_modules\winston\lib\winston\transports\console.js:87:23)
    at Console._write (C:\Users\Administrator\AppData\Local\npm-cache\_npx\ba4f1959e38407b5\node_modules\winston-transport\modern.js:103:17)
    at doWrite (C:\Users\Administrator\AppData\Local\npm-cache\_npx\ba4f1959e38407b5\node_modules\winston-transport\node_modules\readable-stream\lib\_stream_writable.js:390:139)
    at writeOrBuffer (C:\Users\Administrator\AppData\Local\npm-cache\_npx\ba4f1959e38407b5\node_modules\winston-transport\node_modules\readable-stream\lib\_stream_writable.js:381:5)
    at Writable.write (C:\Users\Administrator\AppData\Local\npm-cache\_npx\ba4f1959e38407b5\node_modules\winston-transport\node_modules\readable-stream\lib\_stream_writable.js:302:11)
    at DerivedLogger.ondata (C:\Users\Administrator\AppData\Local\npm-cache\_npx\ba4f1959e38407b5\node_modules\winston\node_modules\readable-stream\lib\_stream_readable.js:629:20)
[error] 
[error] Error: An unexpected error has occurred.
[debug] [2026-08-15T17:33:13.391Z] Error: EPIPE: broken pipe, write
    at Socket._write (node:internal/net:63:18)
    at writeOrBuffer (node:internal/streams/writable:570:12)
    at _write (node:internal/streams/writable:499:10)
    at Writable.write (node:internal/streams/writable:508:10)
    at Console.log (C:\Users\Administrator\AppData\Local\npm-cache\_npx\ba4f1959e38407b5\node_modules\winston\lib\winston\transports\console.js:87:23)
    at Console._write (C:\Users\Administrator\AppData\Local\npm-cache\_npx\ba4f1959e38407b5\node_modules\winston-transport\modern.js:103:17)
    at doWrite (C:\Users\Administrator\AppData\Local\npm-cache\_npx\ba4f1959e38407b5\node_modules\winston-transport\node_modules\readable-stream\lib\_stream_writable.js:390:139)
    at writeOrBuffer (C:\Users\Administrator\AppData\Local\npm-cache\_npx\ba4f1959e38407b5\node_modules\winston-transport\node_modules\readable-stream\lib\_stream_writable.js:381:5)
    at Writable.write (C:\Users\Administrator\AppData\Local\npm-cache\_npx\ba4f1959e38407b5\node_modules\winston-transport\node_modules\readable-stream\lib\_stream_writable.js:302:11)
    at DerivedLogger.ondata (C:\Users\Administrator\AppData\Local\npm-cache\_npx\ba4f1959e38407b5\node_modules\winston\node_modules\readable-stream\lib\_stream_readable.js:629:20)
[error] 
[error] Error: An unexpected error has occurred.
[debug] [2026-08-15T17:33:13.392Z] Error: EPIPE: broken pipe, write
    at Socket._write (node:internal/net:63:18)
    at writeOrBuffer (node:internal/streams/writable:570:12)
    at _write (node:internal/streams/writable:499:10)
    at Writable.write (node:internal/streams/writable:508:10)
    at Console.log (C:\Users\Administrator\AppData\Local\npm-cache\_npx\ba4f1959e38407b5\node_modules\winston\lib\winston\transports\console.js:87:23)
    at Console._write (C:\Users\Administrator\AppData\Local\npm-cache\_npx\ba4f1959e38407b5\node_modules\winston-transport\modern.js:103:17)
    at doWrite (C:\Users\Administrator\AppData\Local\npm-cache\_npx\ba4f1959e38407b5\node_modules\winston-transport\node_modules\readable-stream\lib\_stream_writable.js:390:139)
    at writeOrBuffer (C:\Users\Administrator\AppData\Local\npm-cache\_npx\ba4f1959e38407b5\node_modules\winston-transport\node_modules\readable-stream\lib\_stream_writable.js:381:5)
    at Writable.write (C:\Users\Administrator\AppData\Local\npm-cache\_npx\ba4f1959e38407b5\node_modules\winston-transport\node_modules\readable-stream\lib\_stream_writable.js:302:11)
    at DerivedLogger.ondata (C:\Users\Administrator\AppData\Local\npm-cache\_npx\ba4f1959e38407b5\node_modules\winston\node_modules\readable-stream\lib\_stream_readable.js:629:20)
[error] 
[error] Error: An unexpected error has occurred.
[debug] [2026-08-15T17:33:13.392Z] Error: EPIPE: broken pipe, write
    at Socket._write (node:internal/net:63:18)
    at writeOrBuffer (node:internal/streams/writable:570:12)
    at _write (node:internal/streams/writable:499:10)
    at Writable.write (node:internal/streams/writable:508:10)
    at Console.log (C:\Users\Administrator\AppData\Local\npm-cache\_npx\ba4f1959e38407b5\node_modules\winston\lib\winston\transports\console.js:87:23)
    at Console._write (C:\Users\Administrator\AppData\Local\npm-cache\_npx\ba4f1959e38407b5\node_modules\winston-transport\modern.js:103:17)
    at doWrite (C:\Users\Administrator\AppData\Local\npm-cache\_npx\ba4f1959e38407b5\node_modules\winston-transport\node_modules\readable-stream\lib\_stream_writable.js:390:139)
    at writeOrBuffer (C:\Users\Administrator\AppData\Local\npm-cache\_npx\ba4f1959e38407b5\node_modules\winston-transport\node_modules\readable-stream\lib\_stream_writable.js:381:5)
    at Writable.write (C:\Users\Administrator\AppData\Local\npm-cache\_npx\ba4f1959e38407b5\node_modules\winston-transport\node_modules\readable-stream\lib\_stream_writable.js:302:11)
    at DerivedLogger.ondata (C:\Users\Administrator\AppData\Local\npm-cache\_npx\ba4f1959e38407b5\node_modules\winston\node_modules\readable-stream\lib\_stream_readable.js:629:20)
[error] 
[error] Error: An unexpected error has occurred.
[debug] [2026-08-15T17:33:13.393Z] Error: EPIPE: broken pipe, write
    at Socket._write (node:internal/net:63:18)
    at writeOrBuffer (node:internal/streams/writable:570:12)
    at _write (node:internal/streams/writable:499:10)
    at Writable.write (node:internal/streams/writable:508:10)
    at Console.log (C:\Users\Administrator\AppData\Local\npm-cache\_npx\ba4f1959e38407b5\node_modules\winston\lib\winston\transports\console.js:87:23)
    at Console._write (C:\Users\Administrator\AppData\Local\npm-cache\_npx\ba4f1959e38407b5\node_modules\winston-transport\modern.js:103:17)
    at doWrite (C:\Users\Administrator\AppData\Local\npm-cache\_npx\ba4f1959e38407b5\node_modules\winston-transport\node_modules\readable-stream\lib\_stream_writable.js:390:139)
    at writeOrBuffer (C:\Users\Administrator\AppData\Local\npm-cache\_npx\ba4f1959e38407b5\node_modules\winston-transport\node_modules\readable-stream\lib\_stream_writable.js:381:5)
    at Writable.write (C:\Users\Administrator\AppData\Local\npm-cache\_npx\ba4f1959e38407b5\node_modules\winston-transport\node_modules\readable-stream\lib\_stream_writable.js:302:11)
    at DerivedLogger.ondata (C:\Users\Administrator\AppData\Local\npm-cache\_npx\ba4f1959e38407b5\node_modules\winston\node_modules\readable-stream\lib\_stream_readable.js:629:20)
[error] 
[error] Error: An unexpected error has occurred.
[debug] [2026-08-15T17:33:13.393Z] Error: EPIPE: broken pipe, write
    at Socket._write (node:internal/net:63:18)
    at writeOrBuffer (node:internal/streams/writable:570:12)
    at _write (node:internal/streams/writable:499:10)
    at Writable.write (node:internal/streams/writable:508:10)
    at Console.log (C:\Users\Administrator\AppData\Local\npm-cache\_npx\ba4f1959e38407b5\node_modules\winston\lib\winston\transports\console.js:87:23)
    at Console._write (C:\Users\Administrator\AppData\Local\npm-cache\_npx\ba4f1959e38407b5\node_modules\winston-transport\modern.js:103:17)
    at doWrite (C:\Users\Administrator\AppData\Local\npm-cache\_npx\ba4f1959e38407b5\node_modules\winston-transport\node_modules\readable-stream\lib\_stream_writable.js:390:139)
    at writeOrBuffer (C:\Users\Administrator\AppData\Local\npm-cache\_npx\ba4f1959e38407b5\node_modules\winston-transport\node_modules\readable-stream\lib\_stream_writable.js:381:5)
    at Writable.write (C:\Users\Administrator\AppData\Local\npm-cache\_npx\ba4f1959e38407b5\node_modules\winston-transport\node_modules\readable-stream\lib\_stream_writable.js:302:11)
    at DerivedLogger.ondata (C:\Users\Administrator\AppData\Local\npm-cache\_npx\ba4f1959e38407b5\node_modules\winston\node_modules\readable-stream\lib\_stream_readable.js:629:20)
[error] 
[error] Error: An unexpected error has occurred.
[debug] [2026-08-15T17:33:13.393Z] Error: EPIPE: broken pipe, write
    at Socket._write (node:internal/net:63:18)
    at writeOrBuffer (node:internal/streams/writable:570:12)
    at _write (node:internal/streams/writable:499:10)
    at Writable.write (node:internal/streams/writable:508:10)
    at Console.log (C:\Users\Administrator\AppData\Local\npm-cache\_npx\ba4f1959e38407b5\node_modules\winston\lib\winston\transports\console.js:87:23)
    at Console._write (C:\Users\Administrator\AppData\Local\npm-cache\_npx\ba4f1959e38407b5\node_modules\winston-transport\modern.js:103:17)
    at doWrite (C:\Users\Administrator\AppData\Local\npm-cache\_npx\ba4f1959e38407b5\node_modules\winston-transport\node_modules\readable-stream\lib\_stream_writable.js:390:139)
    at writeOrBuffer (C:\Users\Administrator\AppData\Local\npm-cache\_npx\ba4f1959e38407b5\node_modules\winston-transport\node_modules\readable-stream\lib\_stream_writable.js:381:5)
    at Writable.write (C:\Users\Administrator\AppData\Local\npm-cache\_npx\ba4f1959e38407b5\node_modules\winston-transport\node_modules\readable-stream\lib\_stream_writable.js:302:11)
    at DerivedLogger.ondata (C:\Users\Administrator\AppData\Local\npm-cache\_npx\ba4f1959e38407b5\node_modules\winston\node_modules\readable-stream\lib\_stream_readable.js:629:20)
[error] 
[error] Error: An unexpected error has occurred.
[debug] [2026-08-15T17:33:13.394Z] Error: EPIPE: broken pipe, write
    at Socket._write (node:internal/net:63:18)
    at writeOrBuffer (node:internal/streams/writable:570:12)
    at _write (node:internal/streams/writable:499:10)
    at Writable.write (node:internal/streams/writable:508:10)
    at Console.log (C:\Users\Administrator\AppData\Local\npm-cache\_npx\ba4f1959e38407b5\node_modules\winston\lib\winston\transports\console.js:87:23)
    at Console._write (C:\Users\Administrator\AppData\Local\npm-cache\_npx\ba4f1959e38407b5\node_modules\winston-transport\modern.js:103:17)
    at doWrite (C:\Users\Administrator\AppData\Local\npm-cache\_npx\ba4f1959e38407b5\node_modules\winston-transport\node_modules\readable-stream\lib\_stream_writable.js:390:139)
    at writeOrBuffer (C:\Users\Administrator\AppData\Local\npm-cache\_npx\ba4f1959e38407b5\node_modules\winston-transport\node_modules\readable-stream\lib\_stream_writable.js:381:5)
    at Writable.write (C:\Users\Administrator\AppData\Local\npm-cache\_npx\ba4f1959e38407b5\node_modules\winston-transport\node_modules\readable-stream\lib\_stream_writable.js:302:11)
    at DerivedLogger.ondata (C:\Users\Administrator\AppData\Local\npm-cache\_npx\ba4f1959e38407b5\node_modules\winston\node_modules\readable-stream\lib\_stream_readable.js:629:20)
[error] 
[error] Error: An unexpected error has occurred.
[debug] [2026-08-15T17:33:13.394Z] Error: EPIPE: broken pipe, write
    at Socket._write (node:internal/net:63:18)
    at writeOrBuffer (node:internal/streams/writable:570:12)
    at _write (node:internal/streams/writable:499:10)
    at Writable.write (node:internal/streams/writable:508:10)
    at Console.log (C:\Users\Administrator\AppData\Local\npm-cache\_npx\ba4f1959e38407b5\node_modules\winston\lib\winston\transports\console.js:87:23)
    at Console._write (C:\Users\Administrator\AppData\Local\npm-cache\_npx\ba4f1959e38407b5\node_modules\winston-transport\modern.js:103:17)
    at doWrite (C:\Users\Administrator\AppData\Local\npm-cache\_npx\ba4f1959e38407b5\node_modules\winston-transport\node_modules\readable-stream\lib\_stream_writable.js:390:139)
    at writeOrBuffer (C:\Users\Administrator\AppData\Local\npm-cache\_npx\ba4f1959e38407b5\node_modules\winston-transport\node_modules\readable-stream\lib\_stream_writable.js:381:5)
    at Writable.write (C:\Users\Administrator\AppData\Local\npm-cache\_npx\ba4f1959e38407b5\node_modules\winston-transport\node_modules\readable-stream\lib\_stream_writable.js:302:11)
    at DerivedLogger.ondata (C:\Users\Administrator\AppData\Local\npm-cache\_npx\ba4f1959e38407b5\node_modules\winston\node_modules\readable-stream\lib\_stream_readable.js:629:20)
[error] 
[error] Error: An unexpected error has occurred.
[debug] [2026-08-15T17:33:13.395Z] Error: EPIPE: broken pipe, write
    at Socket._write (node:internal/net:63:18)
    at writeOrBuffer (node:internal/streams/writable:570:12)
    at _write (node:internal/streams/writable:499:10)
    at Writable.write (node:internal/streams/writable:508:10)
    at Console.log (C:\Users\Administrator\AppData\Local\npm-cache\_npx\ba4f1959e38407b5\node_modules\winston\lib\winston\transports\console.js:87:23)
    at Console._write (C:\Users\Administrator\AppData\Local\npm-cache\_npx\ba4f1959e38407b5\node_modules\winston-transport\modern.js:103:17)
    at doWrite (C:\Users\Administrator\AppData\Local\npm-cache\_npx\ba4f1959e38407b5\node_modules\winston-transport\node_modules\readable-stream\lib\_stream_writable.js:390:139)
    at writeOrBuffer (C:\Users\Administrator\AppData\Local\npm-cache\_npx\ba4f1959e38407b5\node_modules\winston-transport\node_modules\readable-stream\lib\_stream_writable.js:381:5)
    at Writable.write (C:\Users\Administrator\AppData\Local\npm-cache\_npx\ba4f1959e38407b5\node_modules\winston-transport\node_modules\readable-stream\lib\_stream_writable.js:302:11)
    at DerivedLogger.ondata (C:\Users\Administrator\AppData\Local\npm-cache\_npx\ba4f1959e38407b5\node_modules\winston\node_modules\readable-stream\lib\_stream_readable.js:629:20)
[error] 
[error] Error: An unexpected error has occurred.
[debug] [2026-08-15T17:33:13.395Z] Error: EPIPE: broken pipe, write
    at Socket._write (node:internal/net:63:18)
    at writeOrBuffer (node:internal/streams/writable:570:12)
    at _write (node:internal/streams/writable:499:10)
    at Writable.write (node:internal/streams/writable:508:10)
    at Console.log (C:\Users\Administrator\AppData\Local\npm-cache\_npx\ba4f1959e38407b5\node_modules\winston\lib\winston\transports\console.js:87:23)
    at Console._write (C:\Users\Administrator\AppData\Local\npm-cache\_npx\ba4f1959e38407b5\node_modules\winston-transport\modern.js:103:17)
    at doWrite (C:\Users\Administrator\AppData\Local\npm-cache\_npx\ba4f1959e38407b5\node_modules\winston-transport\node_modules\readable-stream\lib\_stream_writable.js:390:139)
    at writeOrBuffer (C:\Users\Administrator\AppData\Local\npm-cache\_npx\ba4f1959e38407b5\node_modules\winston-transport\node_modules\readable-stream\lib\_stream_writable.js:381:5)
    at Writable.write (C:\Users\Administrator\AppData\Local\npm-cache\_npx\ba4f1959e38407b5\node_modules\winston-transport\node_modules\readable-stream\lib\_stream_writable.js:302:11)
    at DerivedLogger.ondata (C:\Users\Administrator\AppData\Local\npm-cache\_npx\ba4f1959e38407b5\node_modules\winston\node_modules\readable-stream\lib\_stream_readable.js:629:20)
[error] 
[error] Error: An unexpected error has occurred.
[debug] [2026-08-15T17:33:13.397Z] Error: EPIPE: broken pipe, write
    at Socket._write (node:internal/net:63:18)
    at writeOrBuffer (node:internal/streams/writable:570:12)
    at _write (node:internal/streams/writable:499:10)
    at Writable.write (node:internal/streams/writable:508:10)
    at Console.log (C:\Users\Administrator\AppData\Local\npm-cache\_npx\ba4f1959e38407b5\node_modules\winston\lib\winston\transports\console.js:87:23)
    at Console._write (C:\Users\Administrator\AppData\Local\npm-cache\_npx\ba4f1959e38407b5\node_modules\winston-transport\modern.js:103:17)
    at doWrite (C:\Users\Administrator\AppData\Local\npm-cache\_npx\ba4f1959e38407b5\node_modules\winston-transport\node_modules\readable-stream\lib\_stream_writable.js:390:139)
    at writeOrBuffer (C:\Users\Administrator\AppData\Local\npm-cache\_npx\ba4f1959e38407b5\node_modules\winston-transport\node_modules\readable-stream\lib\_stream_writable.js:381:5)
    at Writable.write (C:\Users\Administrator\AppData\Local\npm-cache\_npx\ba4f1959e38407b5\node_modules\winston-transport\node_modules\readable-stream\lib\_stream_writable.js:302:11)
    at DerivedLogger.ondata (C:\Users\Administrator\AppData\Local\npm-cache\_npx\ba4f1959e38407b5\node_modules\winston\node_modules\readable-stream\lib\_stream_readable.js:629:20)
[error] 
[error] Error: An unexpected error has occurred.
[debug] [2026-08-15T17:33:13.397Z] Error: EPIPE: broken pipe, write
    at Socket._write (node:internal/net:63:18)
    at writeOrBuffer (node:internal/streams/writable:570:12)
    at _write (node:internal/streams/writable:499:10)
    at Writable.write (node:internal/streams/writable:508:10)
    at Console.log (C:\Users\Administrator\AppData\Local\npm-cache\_npx\ba4f1959e38407b5\node_modules\winston\lib\winston\transports\console.js:87:23)
    at Console._write (C:\Users\Administrator\AppData\Local\npm-cache\_npx\ba4f1959e38407b5\node_modules\winston-transport\modern.js:103:17)
    at doWrite (C:\Users\Administrator\AppData\Local\npm-cache\_npx\ba4f1959e38407b5\node_modules\winston-transport\node_modules\readable-stream\lib\_stream_writable.js:390:139)
    at writeOrBuffer (C:\Users\Administrator\AppData\Local\npm-cache\_npx\ba4f1959e38407b5\node_modules\winston-transport\node_modules\readable-stream\lib\_stream_writable.js:381:5)
    at Writable.write (C:\Users\Administrator\AppData\Local\npm-cache\_npx\ba4f1959e38407b5\node_modules\winston-transport\node_modules\readable-stream\lib\_stream_writable.js:302:11)
    at DerivedLogger.ondata (C:\Users\Administrator\AppData\Local\npm-cache\_npx\ba4f1959e38407b5\node_modules\winston\node_modules\readable-stream\lib\_stream_readable.js:629:20)
[error] 
[error] Error: An unexpected error has occurred.
[debug] [2026-08-15T17:33:13.398Z] Error: EPIPE: broken pipe, write
    at Socket._write (node:internal/net:63:18)
    at writeOrBuffer (node:internal/streams/writable:570:12)
    at _write (node:internal/streams/writable:499:10)
    at Writable.write (node:internal/streams/writable:508:10)
    at Console.log (C:\Users\Administrator\AppData\Local\npm-cache\_npx\ba4f1959e38407b5\node_modules\winston\lib\winston\transports\console.js:87:23)
    at Console._write (C:\Users\Administrator\AppData\Local\npm-cache\_npx\ba4f1959e38407b5\node_modules\winston-transport\modern.js:103:17)
    at doWrite (C:\Users\Administrator\AppData\Local\npm-cache\_npx\ba4f1959e38407b5\node_modules\winston-transport\node_modules\readable-stream\lib\_stream_writable.js:390:139)
    at writeOrBuffer (C:\Users\Administrator\AppData\Local\npm-cache\_npx\ba4f1959e38407b5\node_modules\winston-transport\node_modules\readable-stream\lib\_stream_writable.js:381:5)
    at Writable.write (C:\Users\Administrator\AppData\Local\npm-cache\_npx\ba4f1959e38407b5\node_modules\winston-transport\node_modules\readable-stream\lib\_stream_writable.js:302:11)
    at DerivedLogger.ondata (C:\Users\Administrator\AppData\Local\npm-cache\_npx\ba4f1959e38407b5\node_modules\winston\node_modules\readable-stream\lib\_stream_readable.js:629:20)
[error] 
[error] Error: An unexpected error has occurred.
[debug] [2026-08-15T17:33:13.398Z] Error: EPIPE: broken pipe, write
    at Socket._write (node:internal/net:63:18)
    at writeOrBuffer (node:internal/streams/writable:570:12)
    at _write (node:internal/streams/writable:499:10)
    at Writable.write (node:internal/streams/writable:508:10)
    at Console.log (C:\Users\Administrator\AppData\Local\npm-cache\_npx\ba4f1959e38407b5\node_modules\winston\lib\winston\transports\console.js:87:23)
    at Console._write (C:\Users\Administrator\AppData\Local\npm-cache\_npx\ba4f1959e38407b5\node_modules\winston-transport\modern.js:103:17)
    at doWrite (C:\Users\Administrator\AppData\Local\npm-cache\_npx\ba4f1959e38407b5\node_modules\winston-transport\node_modules\readable-stream\lib\_stream_writable.js:390:139)
    at writeOrBuffer (C:\Users\Administrator\AppData\Local\npm-cache\_npx\ba4f1959e38407b5\node_modules\winston-transport\node_modules\readable-stream\lib\_stream_writable.js:381:5)
    at Writable.write (C:\Users\Administrator\AppData\Local\npm-cache\_npx\ba4f1959e38407b5\node_modules\winston-transport\node_modules\readable-stream\lib\_stream_writable.js:302:11)
    at DerivedLogger.ondata (C:\Users\Administrator\AppData\Local\npm-cache\_npx\ba4f1959e38407b5\node_modules\winston\node_modules\readable-stream\lib\_stream_readable.js:629:20)
[error] 
[error] Error: An unexpected error has occurred.
[debug] [2026-08-15T17:33:13.398Z] Error: EPIPE: broken pipe, write
    at Socket._write (node:internal/net:63:18)
    at writeOrBuffer (node:internal/streams/writable:570:12)
    at _write (node:internal/streams/writable:499:10)
    at Writable.write (node:internal/streams/writable:508:10)
    at Console.log (C:\Users\Administrator\AppData\Local\npm-cache\_npx\ba4f1959e38407b5\node_modules\winston\lib\winston\transports\console.js:87:23)
    at Console._write (C:\Users\Administrator\AppData\Local\npm-cache\_npx\ba4f1959e38407b5\node_modules\winston-transport\modern.js:103:17)
    at doWrite (C:\Users\Administrator\AppData\Local\npm-cache\_npx\ba4f1959e38407b5\node_modules\winston-transport\node_modules\readable-stream\lib\_stream_writable.js:390:139)
    at writeOrBuffer (C:\Users\Administrator\AppData\Local\npm-cache\_npx\ba4f1959e38407b5\node_modules\winston-transport\node_modules\readable-stream\lib\_stream_writable.js:381:5)
    at Writable.write (C:\Users\Administrator\AppData\Local\npm-cache\_npx\ba4f1959e38407b5\node_modules\winston-transport\node_modules\readable-stream\lib\_stream_writable.js:302:11)
    at DerivedLogger.ondata (C:\Users\Administrator\AppData\Local\npm-cache\_npx\ba4f1959e38407b5\node_modules\winston\node_modules\readable-stream\lib\_stream_readable.js:629:20)
[error] 
[error] Error: An unexpected error has occurred.
[debug] [2026-08-15T17:33:13.399Z] Error: EPIPE: broken pipe, write
    at Socket._write (node:internal/net:63:18)
    at writeOrBuffer (node:internal/streams/writable:570:12)
    at _write (node:internal/streams/writable:499:10)
    at Writable.write (node:internal/streams/writable:508:10)
    at Console.log (C:\Users\Administrator\AppData\Local\npm-cache\_npx\ba4f1959e38407b5\node_modules\winston\lib\winston\transports\console.js:87:23)
    at Console._write (C:\Users\Administrator\AppData\Local\npm-cache\_npx\ba4f1959e38407b5\node_modules\winston-transport\modern.js:103:17)
    at doWrite (C:\Users\Administrator\AppData\Local\npm-cache\_npx\ba4f1959e38407b5\node_modules\winston-transport\node_modules\readable-stream\lib\_stream_writable.js:390:139)
    at writeOrBuffer (C:\Users\Administrator\AppData\Local\npm-cache\_npx\ba4f1959e38407b5\node_modules\winston-transport\node_modules\readable-stream\lib\_stream_writable.js:381:5)
    at Writable.write (C:\Users\Administrator\AppData\Local\npm-cache\_npx\ba4f1959e38407b5\node_modules\winston-transport\node_modules\readable-stream\lib\_stream_writable.js:302:11)
    at DerivedLogger.ondata (C:\Users\Administrator\AppData\Local\npm-cache\_npx\ba4f1959e38407b5\node_modules\winston\node_modules\readable-stream\lib\_stream_readable.js:629:20)
[error] 
[error] Error: An unexpected error has occurred.
[debug] [2026-08-15T17:33:13.399Z] Error: EPIPE: broken pipe, write
    at Socket._write (node:internal/net:63:18)
    at writeOrBuffer (node:internal/streams/writable:570:12)
    at _write (node:internal/streams/writable:499:10)
    at Writable.write (node:internal/streams/writable:508:10)
    at Console.log (C:\Users\Administrator\AppData\Local\npm-cache\_npx\ba4f1959e38407b5\node_modules\winston\lib\winston\transports\console.js:87:23)
    at Console._write (C:\Users\Administrator\AppData\Local\npm-cache\_npx\ba4f1959e38407b5\node_modules\winston-transport\modern.js:103:17)
    at doWrite (C:\Users\Administrator\AppData\Local\npm-cache\_npx\ba4f1959e38407b5\node_modules\winston-transport\node_modules\readable-stream\lib\_stream_writable.js:390:139)
    at writeOrBuffer (C:\Users\Administrator\AppData\Local\npm-cache\_npx\ba4f1959e38407b5\node_modules\winston-transport\node_modules\readable-stream\lib\_stream_writable.js:381:5)
    at Writable.write (C:\Users\Administrator\AppData\Local\npm-cache\_npx\ba4f1959e38407b5\node_modules\winston-transport\node_modules\readable-stream\lib\_stream_writable.js:302:11)
    at DerivedLogger.ondata (C:\Users\Administrator\AppData\Local\npm-cache\_npx\ba4f1959e38407b5\node_modules\winston\node_modules\readable-stream\lib\_stream_readable.js:629:20)
[error] 
[error] Error: An unexpected error has occurred.
[debug] [2026-08-15T17:33:13.400Z] Error: EPIPE: broken pipe, write
    at Socket._write (node:internal/net:63:18)
    at writeOrBuffer (node:internal/streams/writable:570:12)
    at _write (node:internal/streams/writable:499:10)
    at Writable.write (node:internal/streams/writable:508:10)
    at Console.log (C:\Users\Administrator\AppData\Local\npm-cache\_npx\ba4f1959e38407b5\node_modules\winston\lib\winston\transports\console.js:87:23)
    at Console._write (C:\Users\Administrator\AppData\Local\npm-cache\_npx\ba4f1959e38407b5\node_modules\winston-transport\modern.js:103:17)
    at doWrite (C:\Users\Administrator\AppData\Local\npm-cache\_npx\ba4f1959e38407b5\node_modules\winston-transport\node_modules\readable-stream\lib\_stream_writable.js:390:139)
    at writeOrBuffer (C:\Users\Administrator\AppData\Local\npm-cache\_npx\ba4f1959e38407b5\node_modules\winston-transport\node_modules\readable-stream\lib\_stream_writable.js:381:5)
    at Writable.write (C:\Users\Administrator\AppData\Local\npm-cache\_npx\ba4f1959e38407b5\node_modules\winston-transport\node_modules\readable-stream\lib\_stream_writable.js:302:11)
    at DerivedLogger.ondata (C:\Users\Administrator\AppData\Local\npm-cache\_npx\ba4f1959e38407b5\node_modules\winston\node_modules\readable-stream\lib\_stream_readable.js:629:20)
[error] 
[error] Error: An unexpected error has occurred.
[debug] [2026-08-15T17:33:13.400Z] Error: EPIPE: broken pipe, write
    at Socket._write (node:internal/net:63:18)
    at writeOrBuffer (node:internal/streams/writable:570:12)
    at _write (node:internal/streams/writable:499:10)
    at Writable.write (node:internal/streams/writable:508:10)
    at Console.log (C:\Users\Administrator\AppData\Local\npm-cache\_npx\ba4f1959e38407b5\node_modules\winston\lib\winston\transports\console.js:87:23)
    at Console._write (C:\Users\Administrator\AppData\Local\npm-cache\_npx\ba4f1959e38407b5\node_modules\winston-transport\modern.js:103:17)
    at doWrite (C:\Users\Administrator\AppData\Local\npm-cache\_npx\ba4f1959e38407b5\node_modules\winston-transport\node_modules\readable-stream\lib\_stream_writable.js:390:139)
    at writeOrBuffer (C:\Users\Administrator\AppData\Local\npm-cache\_npx\ba4f1959e38407b5\node_modules\winston-transport\node_modules\readable-stream\lib\_stream_writable.js:381:5)
    at Writable.write (C:\Users\Administrator\AppData\Local\npm-cache\_npx\ba4f1959e38407b5\node_modules\winston-transport\node_modules\readable-stream\lib\_stream_writable.js:302:11)
    at DerivedLogger.ondata (C:\Users\Administrator\AppData\Local\npm-cache\_npx\ba4f1959e38407b5\node_modules\winston\node_modules\readable-stream\lib\_stream_readable.js:629:20)
[error] 
[error] Error: An unexpected error has occurred.
[debug] [2026-08-15T17:33:13.401Z] Error: EPIPE: broken pipe, write
    at Socket._write (node:internal/net:63:18)
    at writeOrBuffer (node:internal/streams/writable:570:12)
    at _write (node:internal/streams/writable:499:10)
    at Writable.write (node:internal/streams/writable:508:10)
    at Console.log (C:\Users\Administrator\AppData\Local\npm-cache\_npx\ba4f1959e38407b5\node_modules\winston\lib\winston\transports\console.js:87:23)
    at Console._write (C:\Users\Administrator\AppData\Local\npm-cache\_npx\ba4f1959e38407b5\node_modules\winston-transport\modern.js:103:17)
    at doWrite (C:\Users\Administrator\AppData\Local\npm-cache\_npx\ba4f1959e38407b5\node_modules\winston-transport\node_modules\readable-stream\lib\_stream_writable.js:390:139)
    at writeOrBuffer (C:\Users\Administrator\AppData\Local\npm-cache\_npx\ba4f1959e38407b5\node_modules\winston-transport\node_modules\readable-stream\lib\_stream_writable.js:381:5)
    at Writable.write (C:\Users\Administrator\AppData\Local\npm-cache\_npx\ba4f1959e38407b5\node_modules\winston-transport\node_modules\readable-stream\lib\_stream_writable.js:302:11)
    at DerivedLogger.ondata (C:\Users\Administrator\AppData\Local\npm-cache\_npx\ba4f1959e38407b5\node_modules\winston\node_modules\readable-stream\lib\_stream_readable.js:629:20)
[error] 
[error] Error: An unexpected error has occurred.
[debug] [2026-08-15T17:33:13.401Z] Error: EPIPE: broken pipe, write
    at Socket._write (node:internal/net:63:18)
    at writeOrBuffer (node:internal/streams/writable:570:12)
    at _write (node:internal/streams/writable:499:10)
    at Writable.write (node:internal/streams/writable:508:10)
    at Console.log (C:\Users\Administrator\AppData\Local\npm-cache\_npx\ba4f1959e38407b5\node_modules\winston\lib\winston\transports\console.js:87:23)
    at Console._write (C:\Users\Administrator\AppData\Local\npm-cache\_npx\ba4f1959e38407b5\node_modules\winston-transport\modern.js:103:17)
    at doWrite (C:\Users\Administrator\AppData\Local\npm-cache\_npx\ba4f1959e38407b5\node_modules\winston-transport\node_modules\readable-stream\lib\_stream_writable.js:390:139)
    at writeOrBuffer (C:\Users\Administrator\AppData\Local\npm-cache\_npx\ba4f1959e38407b5\node_modules\winston-transport\node_modules\readable-stream\lib\_stream_writable.js:381:5)
    at Writable.write (C:\Users\Administrator\AppData\Local\npm-cache\_npx\ba4f1959e38407b5\node_modules\winston-transport\node_modules\readable-stream\lib\_stream_writable.js:302:11)
    at DerivedLogger.ondata (C:\Users\Administrator\AppData\Local\npm-cache\_npx\ba4f1959e38407b5\node_modules\winston\node_modules\readable-stream\lib\_stream_readable.js:629:20)
[error] 
[error] Error: An unexpected error has occurred.
[debug] [2026-08-15T17:33:13.402Z] Error: EPIPE: broken pipe, write
    at Socket._write (node:internal/net:63:18)
    at writeOrBuffer (node:internal/streams/writable:570:12)
    at _write (node:internal/streams/writable:499:10)
    at Writable.write (node:internal/streams/writable:508:10)
    at Console.log (C:\Users\Administrator\AppData\Local\npm-cache\_npx\ba4f1959e38407b5\node_modules\winston\lib\winston\transports\console.js:87:23)
    at Console._write (C:\Users\Administrator\AppData\Local\npm-cache\_npx\ba4f1959e38407b5\node_modules\winston-transport\modern.js:103:17)
    at doWrite (C:\Users\Administrator\AppData\Local\npm-cache\_npx\ba4f1959e38407b5\node_modules\winston-transport\node_modules\readable-stream\lib\_stream_writable.js:390:139)
    at writeOrBuffer (C:\Users\Administrator\AppData\Local\npm-cache\_npx\ba4f1959e38407b5\node_modules\winston-transport\node_modules\readable-stream\lib\_stream_writable.js:381:5)
    at Writable.write (C:\Users\Administrator\AppData\Local\npm-cache\_npx\ba4f1959e38407b5\node_modules\winston-transport\node_modules\readable-stream\lib\_stream_writable.js:302:11)
    at DerivedLogger.ondata (C:\Users\Administrator\AppData\Local\npm-cache\_npx\ba4f1959e38407b5\node_modules\winston\node_modules\readable-stream\lib\_stream_readable.js:629:20)
[error] 
[error] Error: An unexpected error has occurred.
[debug] [2026-08-15T17:33:13.403Z] Error: EPIPE: broken pipe, write
    at Socket._write (node:internal/net:63:18)
    at writeOrBuffer (node:internal/streams/writable:570:12)
    at _write (node:internal/streams/writable:499:10)
    at Writable.write (node:internal/streams/writable:508:10)
    at Console.log (C:\Users\Administrator\AppData\Local\npm-cache\_npx\ba4f1959e38407b5\node_modules\winston\lib\winston\transports\console.js:87:23)
    at Console._write (C:\Users\Administrator\AppData\Local\npm-cache\_npx\ba4f1959e38407b5\node_modules\winston-transport\modern.js:103:17)
    at doWrite (C:\Users\Administrator\AppData\Local\npm-cache\_npx\ba4f1959e38407b5\node_modules\winston-transport\node_modules\readable-stream\lib\_stream_writable.js:390:139)
    at writeOrBuffer (C:\Users\Administrator\AppData\Local\npm-cache\_npx\ba4f1959e38407b5\node_modules\winston-transport\node_modules\readable-stream\lib\_stream_writable.js:381:5)
    at Writable.write (C:\Users\Administrator\AppData\Local\npm-cache\_npx\ba4f1959e38407b5\node_modules\winston-transport\node_modules\readable-stream\lib\_stream_writable.js:302:11)
    at DerivedLogger.ondata (C:\Users\Administrator\AppData\Local\npm-cache\_npx\ba4f1959e38407b5\node_modules\winston\node_modules\readable-stream\lib\_stream_readable.js:629:20)
[error] 
[error] Error: An unexpected error has occurred.
[debug] [2026-08-15T17:33:13.403Z] Error: EPIPE: broken pipe, write
    at Socket._write (node:internal/net:63:18)
    at writeOrBuffer (node:internal/streams/writable:570:12)
    at _write (node:internal/streams/writable:499:10)
    at Writable.write (node:internal/streams/writable:508:10)
    at Console.log (C:\Users\Administrator\AppData\Local\npm-cache\_npx\ba4f1959e38407b5\node_modules\winston\lib\winston\transports\console.js:87:23)
    at Console._write (C:\Users\Administrator\AppData\Local\npm-cache\_npx\ba4f1959e38407b5\node_modules\winston-transport\modern.js:103:17)
    at doWrite (C:\Users\Administrator\AppData\Local\npm-cache\_npx\ba4f1959e38407b5\node_modules\winston-transport\node_modules\readable-stream\lib\_stream_writable.js:390:139)
    at writeOrBuffer (C:\Users\Administrator\AppData\Local\npm-cache\_npx\ba4f1959e38407b5\node_modules\winston-transport\node_modules\readable-stream\lib\_stream_writable.js:381:5)
    at Writable.write (C:\Users\Administrator\AppData\Local\npm-cache\_npx\ba4f1959e38407b5\node_modules\winston-transport\node_modules\readable-stream\lib\_stream_writable.js:302:11)
    at DerivedLogger.ondata (C:\Users\Administrator\AppData\Local\npm-cache\_npx\ba4f1959e38407b5\node_modules\winston\node_modules\readable-stream\lib\_stream_readable.js:629:20)
[error] 
[error] Error: An unexpected error has occurred.
[debug] [2026-08-15T17:33:13.404Z] Error: EPIPE: broken pipe, write
    at Socket._write (node:internal/net:63:18)
    at writeOrBuffer (node:internal/streams/writable:570:12)
    at _write (node:internal/streams/writable:499:10)
    at Writable.write (node:internal/streams/writable:508:10)
    at Console.log (C:\Users\Administrator\AppData\Local\npm-cache\_npx\ba4f1959e38407b5\node_modules\winston\lib\winston\transports\console.js:87:23)
    at Console._write (C:\Users\Administrator\AppData\Local\npm-cache\_npx\ba4f1959e38407b5\node_modules\winston-transport\modern.js:103:17)
    at doWrite (C:\Users\Administrator\AppData\Local\npm-cache\_npx\ba4f1959e38407b5\node_modules\winston-transport\node_modules\readable-stream\lib\_stream_writable.js:390:139)
    at writeOrBuffer (C:\Users\Administrator\AppData\Local\npm-cache\_npx\ba4f1959e38407b5\node_modules\winston-transport\node_modules\readable-stream\lib\_stream_writable.js:381:5)
    at Writable.write (C:\Users\Administrator\AppData\Local\npm-cache\_npx\ba4f1959e38407b5\node_modules\winston-transport\node_modules\readable-stream\lib\_stream_writable.js:302:11)
    at DerivedLogger.ondata (C:\Users\Administrator\AppData\Local\npm-cache\_npx\ba4f1959e38407b5\node_modules\winston\node_modules\readable-stream\lib\_stream_readable.js:629:20)
[error] 
[error] Error: An unexpected error has occurred.
[debug] [2026-08-15T17:33:13.404Z] Error: EPIPE: broken pipe, write
    at Socket._write (node:internal/net:63:18)
    at writeOrBuffer (node:internal/streams/writable:570:12)
    at _write (node:internal/streams/writable:499:10)
    at Writable.write (node:internal/streams/writable:508:10)
    at Console.log (C:\Users\Administrator\AppData\Local\npm-cache\_npx\ba4f1959e38407b5\node_modules\winston\lib\winston\transports\console.js:87:23)
    at Console._write (C:\Users\Administrator\AppData\Local\npm-cache\_npx\ba4f1959e38407b5\node_modules\winston-transport\modern.js:103:17)
    at doWrite (C:\Users\Administrator\AppData\Local\npm-cache\_npx\ba4f1959e38407b5\node_modules\winston-transport\node_modules\readable-stream\lib\_stream_writable.js:390:139)
    at writeOrBuffer (C:\Users\Administrator\AppData\Local\npm-cache\_npx\ba4f1959e38407b5\node_modules\winston-transport\node_modules\readable-stream\lib\_stream_writable.js:381:5)
    at Writable.write (C:\Users\Administrator\AppData\Local\npm-cache\_npx\ba4f1959e38407b5\node_modules\winston-transport\node_modules\readable-stream\lib\_stream_writable.js:302:11)
    at DerivedLogger.ondata (C:\Users\Administrator\AppData\Local\npm-cache\_npx\ba4f1959e38407b5\node_modules\winston\node_modules\readable-stream\lib\_stream_readable.js:629:20)
[error] 
[error] Error: An unexpected error has occurred.
[debug] [2026-08-15T17:33:13.405Z] Error: EPIPE: broken pipe, write
    at Socket._write (node:internal/net:63:18)
    at writeOrBuffer (node:internal/streams/writable:570:12)
    at _write (node:internal/streams/writable:499:10)
    at Writable.write (node:internal/streams/writable:508:10)
    at Console.log (C:\Users\Administrator\AppData\Local\npm-cache\_npx\ba4f1959e38407b5\node_modules\winston\lib\winston\transports\console.js:87:23)
    at Console._write (C:\Users\Administrator\AppData\Local\npm-cache\_npx\ba4f1959e38407b5\node_modules\winston-transport\modern.js:103:17)
    at doWrite (C:\Users\Administrator\AppData\Local\npm-cache\_npx\ba4f1959e38407b5\node_modules\winston-transport\node_modules\readable-stream\lib\_stream_writable.js:390:139)
    at writeOrBuffer (C:\Users\Administrator\AppData\Local\npm-cache\_npx\ba4f1959e38407b5\node_modules\winston-transport\node_modules\readable-stream\lib\_stream_writable.js:381:5)
    at Writable.write (C:\Users\Administrator\AppData\Local\npm-cache\_npx\ba4f1959e38407b5\node_modules\winston-transport\node_modules\readable-stream\lib\_stream_writable.js:302:11)
    at DerivedLogger.ondata (C:\Users\Administrator\AppData\Local\npm-cache\_npx\ba4f1959e38407b5\node_modules\winston\node_modules\readable-stream\lib\_stream_readable.js:629:20)
[error] 
[error] Error: An unexpected error has occurred.
[debug] [2026-08-15T17:33:13.405Z] Error: EPIPE: broken pipe, write
    at Socket._write (node:internal/net:63:18)
    at writeOrBuffer (node:internal/streams/writable:570:12)
    at _write (node:internal/streams/writable:499:10)
    at Writable.write (node:internal/streams/writable:508:10)
    at Console.log (C:\Users\Administrator\AppData\Local\npm-cache\_npx\ba4f1959e38407b5\node_modules\winston\lib\winston\transports\console.js:87:23)
    at Console._write (C:\Users\Administrator\AppData\Local\npm-cache\_npx\ba4f1959e38407b5\node_modules\winston-transport\modern.js:103:17)
    at doWrite (C:\Users\Administrator\AppData\Local\npm-cache\_npx\ba4f1959e38407b5\node_modules\winston-transport\node_modules\readable-stream\lib\_stream_writable.js:390:139)
    at writeOrBuffer (C:\Users\Administrator\AppData\Local\npm-cache\_npx\ba4f1959e38407b5\node_modules\winston-transport\node_modules\readable-stream\lib\_stream_writable.js:381:5)
    at Writable.write (C:\Users\Administrator\AppData\Local\npm-cache\_npx\ba4f1959e38407b5\node_modules\winston-transport\node_modules\readable-stream\lib\_stream_writable.js:302:11)
    at DerivedLogger.ondata (C:\Users\Administrator\AppData\Local\npm-cache\_npx\ba4f1959e38407b5\node_modules\winston\node_modules\readable-stream\lib\_stream_readable.js:629:20)
[error] 
[error] Error: An unexpected error has occurred.
[debug] [2026-08-15T17:33:13.406Z] Error: EPIPE: broken pipe, write
    at Socket._write (node:internal/net:63:18)
    at writeOrBuffer (node:internal/streams/writable:570:12)
    at _write (node:internal/streams/writable:499:10)
    at Writable.write (node:internal/streams/writable:508:10)
    at Console.log (C:\Users\Administrator\AppData\Local\npm-cache\_npx\ba4f1959e38407b5\node_modules\winston\lib\winston\transports\console.js:87:23)
    at Console._write (C:\Users\Administrator\AppData\Local\npm-cache\_npx\ba4f1959e38407b5\node_modules\winston-transport\modern.js:103:17)
    at doWrite (C:\Users\Administrator\AppData\Local\npm-cache\_npx\ba4f1959e38407b5\node_modules\winston-transport\node_modules\readable-stream\lib\_stream_writable.js:390:139)
    at writeOrBuffer (C:\Users\Administrator\AppData\Local\npm-cache\_npx\ba4f1959e38407b5\node_modules\winston-transport\node_modules\readable-stream\lib\_stream_writable.js:381:5)
    at Writable.write (C:\Users\Administrator\AppData\Local\npm-cache\_npx\ba4f1959e38407b5\node_modules\winston-transport\node_modules\readable-stream\lib\_stream_writable.js:302:11)
    at DerivedLogger.ondata (C:\Users\Administrator\AppData\Local\npm-cache\_npx\ba4f1959e38407b5\node_modules\winston\node_modules\readable-stream\lib\_stream_readable.js:629:20)
[error] 
[error] Error: An unexpected error has occurred.
[debug] [2026-08-15T17:33:13.407Z] Error: EPIPE: broken pipe, write
    at Socket._write (node:internal/net:63:18)
    at writeOrBuffer (node:internal/streams/writable:570:12)
    at _write (node:internal/streams/writable:499:10)
    at Writable.write (node:internal/streams/writable:508:10)
    at Console.log (C:\Users\Administrator\AppData\Local\npm-cache\_npx\ba4f1959e38407b5\node_modules\winston\lib\winston\transports\console.js:87:23)
    at Console._write (C:\Users\Administrator\AppData\Local\npm-cache\_npx\ba4f1959e38407b5\node_modules\winston-transport\modern.js:103:17)
    at doWrite (C:\Users\Administrator\AppData\Local\npm-cache\_npx\ba4f1959e38407b5\node_modules\winston-transport\node_modules\readable-stream\lib\_stream_writable.js:390:139)
    at writeOrBuffer (C:\Users\Administrator\AppData\Local\npm-cache\_npx\ba4f1959e38407b5\node_modules\winston-transport\node_modules\readable-stream\lib\_stream_writable.js:381:5)
    at Writable.write (C:\Users\Administrator\AppData\Local\npm-cache\_npx\ba4f1959e38407b5\node_modules\winston-transport\node_modules\readable-stream\lib\_stream_writable.js:302:11)
    at DerivedLogger.ondata (C:\Users\Administrator\AppData\Local\npm-cache\_npx\ba4f1959e38407b5\node_modules\winston\node_modules\readable-stream\lib\_stream_readable.js:629:20)
[error] 
[error] Error: An unexpected error has occurred.
[debug] [2026-08-15T17:33:13.407Z] Error: EPIPE: broken pipe, write
    at Socket._write (node:internal/net:63:18)
    at writeOrBuffer (node:internal/streams/writable:570:12)
    at _write (node:internal/streams/writable:499:10)
    at Writable.write (node:internal/streams/writable:508:10)
    at Console.log (C:\Users\Administrator\AppData\Local\npm-cache\_npx\ba4f1959e38407b5\node_modules\winston\lib\winston\transports\console.js:87:23)
    at Console._write (C:\Users\Administrator\AppData\Local\npm-cache\_npx\ba4f1959e38407b5\node_modules\winston-transport\modern.js:103:17)
    at doWrite (C:\Users\Administrator\AppData\Local\npm-cache\_npx\ba4f1959e38407b5\node_modules\winston-transport\node_modules\readable-stream\lib\_stream_writable.js:390:139)
    at writeOrBuffer (C:\Users\Administrator\AppData\Local\npm-cache\_npx\ba4f1959e38407b5\node_modules\winston-transport\node_modules\readable-stream\lib\_stream_writable.js:381:5)
    at Writable.write (C:\Users\Administrator\AppData\Local\npm-cache\_npx\ba4f1959e38407b5\node_modules\winston-transport\node_modules\readable-stream\lib\_stream_writable.js:302:11)
    at DerivedLogger.ondata (C:\Users\Administrator\AppData\Local\npm-cache\_npx\ba4f1959e38407b5\node_modules\winston\node_modules\readable-stream\lib\_stream_readable.js:629:20)
[error] 
[error] Error: An unexpected error has occurred.
[debug] [2026-08-15T17:33:13.408Z] Error: EPIPE: broken pipe, write
    at Socket._write (node:internal/net:63:18)
    at writeOrBuffer (node:internal/streams/writable:570:12)
    at _write (node:internal/streams/writable:499:10)
    at Writable.write (node:internal/streams/writable:508:10)
    at Console.log (C:\Users\Administrator\AppData\Local\npm-cache\_npx\ba4f1959e38407b5\node_modules\winston\lib\winston\transports\console.js:87:23)
    at Console._write (C:\Users\Administrator\AppData\Local\npm-cache\_npx\ba4f1959e38407b5\node_modules\winston-transport\modern.js:103:17)
    at doWrite (C:\Users\Administrator\AppData\Local\npm-cache\_npx\ba4f1959e38407b5\node_modules\winston-transport\node_modules\readable-stream\lib\_stream_writable.js:390:139)
    at writeOrBuffer (C:\Users\Administrator\AppData\Local\npm-cache\_npx\ba4f1959e38407b5\node_modules\winston-transport\node_modules\readable-stream\lib\_stream_writable.js:381:5)
    at Writable.write (C:\Users\Administrator\AppData\Local\npm-cache\_npx\ba4f1959e38407b5\node_modules\winston-transport\node_modules\readable-stream\lib\_stream_writable.js:302:11)
    at DerivedLogger.ondata (C:\Users\Administrator\AppData\Local\npm-cache\_npx\ba4f1959e38407b5\node_modules\winston\node_modules\readable-stream\lib\_stream_readable.js:629:20)
[error] 
[error] Error: An unexpected error has occurred.
[debug] [2026-08-15T17:33:13.408Z] Error: EPIPE: broken pipe, write
    at Socket._write (node:internal/net:63:18)
    at writeOrBuffer (node:internal/streams/writable:570:12)
    at _write (node:internal/streams/writable:499:10)
    at Writable.write (node:internal/streams/writable:508:10)
    at Console.log (C:\Users\Administrator\AppData\Local\npm-cache\_npx\ba4f1959e38407b5\node_modules\winston\lib\winston\transports\console.js:87:23)
    at Console._write (C:\Users\Administrator\AppData\Local\npm-cache\_npx\ba4f1959e38407b5\node_modules\winston-transport\modern.js:103:17)
    at doWrite (C:\Users\Administrator\AppData\Local\npm-cache\_npx\ba4f1959e38407b5\node_modules\winston-transport\node_modules\readable-stream\lib\_stream_writable.js:390:139)
    at writeOrBuffer (C:\Users\Administrator\AppData\Local\npm-cache\_npx\ba4f1959e38407b5\node_modules\winston-transport\node_modules\readable-stream\lib\_stream_writable.js:381:5)
    at Writable.write (C:\Users\Administrator\AppData\Local\npm-cache\_npx\ba4f1959e38407b5\node_modules\winston-transport\node_modules\readable-stream\lib\_stream_writable.js:302:11)
    at DerivedLogger.ondata (C:\Users\Administrator\AppData\Local\npm-cache\_npx\ba4f1959e38407b5\node_modules\winston\node_modules\readable-stream\lib\_stream_readable.js:629:20)
[error] 
[error] Error: An unexpected error has occurred.
[debug] [2026-08-15T17:33:13.409Z] Error: EPIPE: broken pipe, write
    at Socket._write (node:internal/net:63:18)
    at writeOrBuffer (node:internal/streams/writable:570:12)
    at _write (node:internal/streams/writable:499:10)
    at Writable.write (node:internal/streams/writable:508:10)
    at Console.log (C:\Users\Administrator\AppData\Local\npm-cache\_npx\ba4f1959e38407b5\node_modules\winston\lib\winston\transports\console.js:87:23)
    at Console._write (C:\Users\Administrator\AppData\Local\npm-cache\_npx\ba4f1959e38407b5\node_modules\winston-transport\modern.js:103:17)
    at doWrite (C:\Users\Administrator\AppData\Local\npm-cache\_npx\ba4f1959e38407b5\node_modules\winston-transport\node_modules\readable-stream\lib\_stream_writable.js:390:139)
    at writeOrBuffer (C:\Users\Administrator\AppData\Local\npm-cache\_npx\ba4f1959e38407b5\node_modules\winston-transport\node_modules\readable-stream\lib\_stream_writable.js:381:5)
    at Writable.write (C:\Users\Administrator\AppData\Local\npm-cache\_npx\ba4f1959e38407b5\node_modules\winston-transport\node_modules\readable-stream\lib\_stream_writable.js:302:11)
    at DerivedLogger.ondata (C:\Users\Administrator\AppData\Local\npm-cache\_npx\ba4f1959e38407b5\node_modules\winston\node_modules\readable-stream\lib\_stream_readable.js:629:20)
[error] 
[error] Error: An unexpected error has occurred.
[debug] [2026-08-15T17:33:13.410Z] Error: EPIPE: broken pipe, write
    at Socket._write (node:internal/net:63:18)
    at writeOrBuffer (node:internal/streams/writable:570:12)
    at _write (node:internal/streams/writable:499:10)
    at Writable.write (node:internal/streams/writable:508:10)
    at Console.log (C:\Users\Administrator\AppData\Local\npm-cache\_npx\ba4f1959e38407b5\node_modules\winston\lib\winston\transports\console.js:87:23)
    at Console._write (C:\Users\Administrator\AppData\Local\npm-cache\_npx\ba4f1959e38407b5\node_modules\winston-transport\modern.js:103:17)
    at doWrite (C:\Users\Administrator\AppData\Local\npm-cache\_npx\ba4f1959e38407b5\node_modules\winston-transport\node_modules\readable-stream\lib\_stream_writable.js:390:139)
    at writeOrBuffer (C:\Users\Administrator\AppData\Local\npm-cache\_npx\ba4f1959e38407b5\node_modules\winston-transport\node_modules\readable-stream\lib\_stream_writable.js:381:5)
    at Writable.write (C:\Users\Administrator\AppData\Local\npm-cache\_npx\ba4f1959e38407b5\node_modules\winston-transport\node_modules\readable-stream\lib\_stream_writable.js:302:11)
    at DerivedLogger.ondata (C:\Users\Administrator\AppData\Local\npm-cache\_npx\ba4f1959e38407b5\node_modules\winston\node_modules\readable-stream\lib\_stream_readable.js:629:20)
[error] 
[error] Error: An unexpected error has occurred.
[debug] [2026-08-15T17:33:13.411Z] Error: EPIPE: broken pipe, write
    at Socket._write (node:internal/net:63:18)
    at writeOrBuffer (node:internal/streams/writable:570:12)
    at _write (node:internal/streams/writable:499:10)
    at Writable.write (node:internal/streams/writable:508:10)
    at Console.log (C:\Users\Administrator\AppData\Local\npm-cache\_npx\ba4f1959e38407b5\node_modules\winston\lib\winston\transports\console.js:87:23)
    at Console._write (C:\Users\Administrator\AppData\Local\npm-cache\_npx\ba4f1959e38407b5\node_modules\winston-transport\modern.js:103:17)
    at doWrite (C:\Users\Administrator\AppData\Local\npm-cache\_npx\ba4f1959e38407b5\node_modules\winston-transport\node_modules\readable-stream\lib\_stream_writable.js:390:139)
    at writeOrBuffer (C:\Users\Administrator\AppData\Local\npm-cache\_npx\ba4f1959e38407b5\node_modules\winston-transport\node_modules\readable-stream\lib\_stream_writable.js:381:5)
    at Writable.write (C:\Users\Administrator\AppData\Local\npm-cache\_npx\ba4f1959e38407b5\node_modules\winston-transport\node_modules\readable-stream\lib\_stream_writable.js:302:11)
    at DerivedLogger.ondata (C:\Users\Administrator\AppData\Local\npm-cache\_npx\ba4f1959e38407b5\node_modules\winston\node_modules\readable-stream\lib\_stream_readable.js:629:20)
[error] 
[error] Error: An unexpected error has occurred.
[debug] [2026-08-15T17:33:13.411Z] Error: EPIPE: broken pipe, write
    at Socket._write (node:internal/net:63:18)
    at writeOrBuffer (node:internal/streams/writable:570:12)
    at _write (node:internal/streams/writable:499:10)
    at Writable.write (node:internal/streams/writable:508:10)
    at Console.log (C:\Users\Administrator\AppData\Local\npm-cache\_npx\ba4f1959e38407b5\node_modules\winston\lib\winston\transports\console.js:87:23)
    at Console._write (C:\Users\Administrator\AppData\Local\npm-cache\_npx\ba4f1959e38407b5\node_modules\winston-transport\modern.js:103:17)
    at doWrite (C:\Users\Administrator\AppData\Local\npm-cache\_npx\ba4f1959e38407b5\node_modules\winston-transport\node_modules\readable-stream\lib\_stream_writable.js:390:139)
    at writeOrBuffer (C:\Users\Administrator\AppData\Local\npm-cache\_npx\ba4f1959e38407b5\node_modules\winston-transport\node_modules\readable-stream\lib\_stream_writable.js:381:5)
    at Writable.write (C:\Users\Administrator\AppData\Local\npm-cache\_npx\ba4f1959e38407b5\node_modules\winston-transport\node_modules\readable-stream\lib\_stream_writable.js:302:11)
    at DerivedLogger.ondata (C:\Users\Administrator\AppData\Local\npm-cache\_npx\ba4f1959e38407b5\node_modules\winston\node_modules\readable-stream\lib\_stream_readable.js:629:20)
[error] 
[error] Error: An unexpected error has occurred.
[debug] [2026-08-15T17:33:13.411Z] Error: EPIPE: broken pipe, write
    at Socket._write (node:internal/net:63:18)
    at writeOrBuffer (node:internal/streams/writable:570:12)
    at _write (node:internal/streams/writable:499:10)
    at Writable.write (node:internal/streams/writable:508:10)
    at Console.log (C:\Users\Administrator\AppData\Local\npm-cache\_npx\ba4f1959e38407b5\node_modules\winston\lib\winston\transports\console.js:87:23)
    at Console._write (C:\Users\Administrator\AppData\Local\npm-cache\_npx\ba4f1959e38407b5\node_modules\winston-transport\modern.js:103:17)
    at doWrite (C:\Users\Administrator\AppData\Local\npm-cache\_npx\ba4f1959e38407b5\node_modules\winston-transport\node_modules\readable-stream\lib\_stream_writable.js:390:139)
    at writeOrBuffer (C:\Users\Administrator\AppData\Local\npm-cache\_npx\ba4f1959e38407b5\node_modules\winston-transport\node_modules\readable-stream\lib\_stream_writable.js:381:5)
    at Writable.write (C:\Users\Administrator\AppData\Local\npm-cache\_npx\ba4f1959e38407b5\node_modules\winston-transport\node_modules\readable-stream\lib\_stream_writable.js:302:11)
    at DerivedLogger.ondata (C:\Users\Administrator\AppData\Local\npm-cache\_npx\ba4f1959e38407b5\node_modules\winston\node_modules\readable-stream\lib\_stream_readable.js:629:20)
[error] 
[error] Error: An unexpected error has occurred.
[debug] [2026-08-15T17:33:13.412Z] Error: EPIPE: broken pipe, write
    at Socket._write (node:internal/net:63:18)
    at writeOrBuffer (node:internal/streams/writable:570:12)
    at _write (node:internal/streams/writable:499:10)
    at Writable.write (node:internal/streams/writable:508:10)
    at Console.log (C:\Users\Administrator\AppData\Local\npm-cache\_npx\ba4f1959e38407b5\node_modules\winston\lib\winston\transports\console.js:87:23)
    at Console._write (C:\Users\Administrator\AppData\Local\npm-cache\_npx\ba4f1959e38407b5\node_modules\winston-transport\modern.js:103:17)
    at doWrite (C:\Users\Administrator\AppData\Local\npm-cache\_npx\ba4f1959e38407b5\node_modules\winston-transport\node_modules\readable-stream\lib\_stream_writable.js:390:139)
    at writeOrBuffer (C:\Users\Administrator\AppData\Local\npm-cache\_npx\ba4f1959e38407b5\node_modules\winston-transport\node_modules\readable-stream\lib\_stream_writable.js:381:5)
    at Writable.write (C:\Users\Administrator\AppData\Local\npm-cache\_npx\ba4f1959e38407b5\node_modules\winston-transport\node_modules\readable-stream\lib\_stream_writable.js:302:11)
    at DerivedLogger.ondata (C:\Users\Administrator\AppData\Local\npm-cache\_npx\ba4f1959e38407b5\node_modules\winston\node_modules\readable-stream\lib\_stream_readable.js:629:20)
[error] 
[error] Error: An unexpected error has occurred.
[debug] [2026-08-15T17:33:13.412Z] Error: EPIPE: broken pipe, write
    at Socket._write (node:internal/net:63:18)
    at writeOrBuffer (node:internal/streams/writable:570:12)
    at _write (node:internal/streams/writable:499:10)
    at Writable.write (node:internal/streams/writable:508:10)
    at Console.log (C:\Users\Administrator\AppData\Local\npm-cache\_npx\ba4f1959e38407b5\node_modules\winston\lib\winston\transports\console.js:87:23)
    at Console._write (C:\Users\Administrator\AppData\Local\npm-cache\_npx\ba4f1959e38407b5\node_modules\winston-transport\modern.js:103:17)
    at doWrite (C:\Users\Administrator\AppData\Local\npm-cache\_npx\ba4f1959e38407b5\node_modules\winston-transport\node_modules\readable-stream\lib\_stream_writable.js:390:139)
    at writeOrBuffer (C:\Users\Administrator\AppData\Local\npm-cache\_npx\ba4f1959e38407b5\node_modules\winston-transport\node_modules\readable-stream\lib\_stream_writable.js:381:5)
    at Writable.write (C:\Users\Administrator\AppData\Local\npm-cache\_npx\ba4f1959e38407b5\node_modules\winston-transport\node_modules\readable-stream\lib\_stream_writable.js:302:11)
    at DerivedLogger.ondata (C:\Users\Administrator\AppData\Local\npm-cache\_npx\ba4f1959e38407b5\node_modules\winston\node_modules\readable-stream\lib\_stream_readable.js:629:20)
[error] 
[error] Error: An unexpected error has occurred.
[debug] [2026-08-15T17:33:13.413Z] Error: EPIPE: broken pipe, write
    at Socket._write (node:internal/net:63:18)
    at writeOrBuffer (node:internal/streams/writable:570:12)
    at _write (node:internal/streams/writable:499:10)
    at Writable.write (node:internal/streams/writable:508:10)
    at Console.log (C:\Users\Administrator\AppData\Local\npm-cache\_npx\ba4f1959e38407b5\node_modules\winston\lib\winston\transports\console.js:87:23)
    at Console._write (C:\Users\Administrator\AppData\Local\npm-cache\_npx\ba4f1959e38407b5\node_modules\winston-transport\modern.js:103:17)
    at doWrite (C:\Users\Administrator\AppData\Local\npm-cache\_npx\ba4f1959e38407b5\node_modules\winston-transport\node_modules\readable-stream\lib\_stream_writable.js:390:139)
    at writeOrBuffer (C:\Users\Administrator\AppData\Local\npm-cache\_npx\ba4f1959e38407b5\node_modules\winston-transport\node_modules\readable-stream\lib\_stream_writable.js:381:5)
    at Writable.write (C:\Users\Administrator\AppData\Local\npm-cache\_npx\ba4f1959e38407b5\node_modules\winston-transport\node_modules\readable-stream\lib\_stream_writable.js:302:11)
    at DerivedLogger.ondata (C:\Users\Administrator\AppData\Local\npm-cache\_npx\ba4f1959e38407b5\node_modules\winston\node_modules\readable-stream\lib\_stream_readable.js:629:20)
[error] 
[error] Error: An unexpected error has occurred.
[debug] [2026-08-15T17:33:13.413Z] Error: EPIPE: broken pipe, write
    at Socket._write (node:internal/net:63:18)
    at writeOrBuffer (node:internal/streams/writable:570:12)
    at _write (node:internal/streams/writable:499:10)
    at Writable.write (node:internal/streams/writable:508:10)
    at Console.log (C:\Users\Administrator\AppData\Local\npm-cache\_npx\ba4f1959e38407b5\node_modules\winston\lib\winston\transports\console.js:87:23)
    at Console._write (C:\Users\Administrator\AppData\Local\npm-cache\_npx\ba4f1959e38407b5\node_modules\winston-transport\modern.js:103:17)
    at doWrite (C:\Users\Administrator\AppData\Local\npm-cache\_npx\ba4f1959e38407b5\node_modules\winston-transport\node_modules\readable-stream\lib\_stream_writable.js:390:139)
    at writeOrBuffer (C:\Users\Administrator\AppData\Local\npm-cache\_npx\ba4f1959e38407b5\node_modules\winston-transport\node_modules\readable-stream\lib\_stream_writable.js:381:5)
    at Writable.write (C:\Users\Administrator\AppData\Local\npm-cache\_npx\ba4f1959e38407b5\node_modules\winston-transport\node_modules\readable-stream\lib\_stream_writable.js:302:11)
    at DerivedLogger.ondata (C:\Users\Administrator\AppData\Local\npm-cache\_npx\ba4f1959e38407b5\node_modules\winston\node_modules\readable-stream\lib\_stream_readable.js:629:20)
[error] 
[error] Error: An unexpected error has occurred.
[debug] [2026-08-15T17:33:13.413Z] Error: EPIPE: broken pipe, write
    at Socket._write (node:internal/net:63:18)
    at writeOrBuffer (node:internal/streams/writable:570:12)
    at _write (node:internal/streams/writable:499:10)
    at Writable.write (node:internal/streams/writable:508:10)
    at Console.log (C:\Users\Administrator\AppData\Local\npm-cache\_npx\ba4f1959e38407b5\node_modules\winston\lib\winston\transports\console.js:87:23)
    at Console._write (C:\Users\Administrator\AppData\Local\npm-cache\_npx\ba4f1959e38407b5\node_modules\winston-transport\modern.js:103:17)
    at doWrite (C:\Users\Administrator\AppData\Local\npm-cache\_npx\ba4f1959e38407b5\node_modules\winston-transport\node_modules\readable-stream\lib\_stream_writable.js:390:139)
    at writeOrBuffer (C:\Users\Administrator\AppData\Local\npm-cache\_npx\ba4f1959e38407b5\node_modules\winston-transport\node_modules\readable-stream\lib\_stream_writable.js:381:5)
    at Writable.write (C:\Users\Administrator\AppData\Local\npm-cache\_npx\ba4f1959e38407b5\node_modules\winston-transport\node_modules\readable-stream\lib\_stream_writable.js:302:11)
    at DerivedLogger.ondata (C:\Users\Administrator\AppData\Local\npm-cache\_npx\ba4f1959e38407b5\node_modules\winston\node_modules\readable-stream\lib\_stream_readable.js:629:20)
[error] 
[error] Error: An unexpected error has occurred.
[debug] [2026-08-15T17:33:13.414Z] Error: EPIPE: broken pipe, write
    at Socket._write (node:internal/net:63:18)
    at writeOrBuffer (node:internal/streams/writable:570:12)
    at _write (node:internal/streams/writable:499:10)
    at Writable.write (node:internal/streams/writable:508:10)
    at Console.log (C:\Users\Administrator\AppData\Local\npm-cache\_npx\ba4f1959e38407b5\node_modules\winston\lib\winston\transports\console.js:87:23)
    at Console._write (C:\Users\Administrator\AppData\Local\npm-cache\_npx\ba4f1959e38407b5\node_modules\winston-transport\modern.js:103:17)
    at doWrite (C:\Users\Administrator\AppData\Local\npm-cache\_npx\ba4f1959e38407b5\node_modules\winston-transport\node_modules\readable-stream\lib\_stream_writable.js:390:139)
    at writeOrBuffer (C:\Users\Administrator\AppData\Local\npm-cache\_npx\ba4f1959e38407b5\node_modules\winston-transport\node_modules\readable-stream\lib\_stream_writable.js:381:5)
    at Writable.write (C:\Users\Administrator\AppData\Local\npm-cache\_npx\ba4f1959e38407b5\node_modules\winston-transport\node_modules\readable-stream\lib\_stream_writable.js:302:11)
    at DerivedLogger.ondata (C:\Users\Administrator\AppData\Local\npm-cache\_npx\ba4f1959e38407b5\node_modules\winston\node_modules\readable-stream\lib\_stream_readable.js:629:20)
[error] 
[error] Error: An unexpected error has occurred.
[debug] [2026-08-15T17:33:13.414Z] Error: EPIPE: broken pipe, write
    at Socket._write (node:internal/net:63:18)
    at writeOrBuffer (node:internal/streams/writable:570:12)
    at _write (node:internal/streams/writable:499:10)
    at Writable.write (node:internal/streams/writable:508:10)
    at Console.log (C:\Users\Administrator\AppData\Local\npm-cache\_npx\ba4f1959e38407b5\node_modules\winston\lib\winston\transports\console.js:87:23)
    at Console._write (C:\Users\Administrator\AppData\Local\npm-cache\_npx\ba4f1959e38407b5\node_modules\winston-transport\modern.js:103:17)
    at doWrite (C:\Users\Administrator\AppData\Local\npm-cache\_npx\ba4f1959e38407b5\node_modules\winston-transport\node_modules\readable-stream\lib\_stream_writable.js:390:139)
    at writeOrBuffer (C:\Users\Administrator\AppData\Local\npm-cache\_npx\ba4f1959e38407b5\node_modules\winston-transport\node_modules\readable-stream\lib\_stream_writable.js:381:5)
    at Writable.write (C:\Users\Administrator\AppData\Local\npm-cache\_npx\ba4f1959e38407b5\node_modules\winston-transport\node_modules\readable-stream\lib\_stream_writable.js:302:11)
    at DerivedLogger.ondata (C:\Users\Administrator\AppData\Local\npm-cache\_npx\ba4f1959e38407b5\node_modules\winston\node_modules\readable-stream\lib\_stream_readable.js:629:20)
[error] 
[error] Error: An unexpected error has occurred.
[debug] [2026-08-15T17:33:13.415Z] Error: EPIPE: broken pipe, write
    at Socket._write (node:internal/net:63:18)
    at writeOrBuffer (node:internal/streams/writable:570:12)
    at _write (node:internal/streams/writable:499:10)
    at Writable.write (node:internal/streams/writable:508:10)
    at Console.log (C:\Users\Administrator\AppData\Local\npm-cache\_npx\ba4f1959e38407b5\node_modules\winston\lib\winston\transports\console.js:87:23)
    at Console._write (C:\Users\Administrator\AppData\Local\npm-cache\_npx\ba4f1959e38407b5\node_modules\winston-transport\modern.js:103:17)
    at doWrite (C:\Users\Administrator\AppData\Local\npm-cache\_npx\ba4f1959e38407b5\node_modules\winston-transport\node_modules\readable-stream\lib\_stream_writable.js:390:139)
    at writeOrBuffer (C:\Users\Administrator\AppData\Local\npm-cache\_npx\ba4f1959e38407b5\node_modules\winston-transport\node_modules\readable-stream\lib\_stream_writable.js:381:5)
    at Writable.write (C:\Users\Administrator\AppData\Local\npm-cache\_npx\ba4f1959e38407b5\node_modules\winston-transport\node_modules\readable-stream\lib\_stream_writable.js:302:11)
    at DerivedLogger.ondata (C:\Users\Administrator\AppData\Local\npm-cache\_npx\ba4f1959e38407b5\node_modules\winston\node_modules\readable-stream\lib\_stream_readable.js:629:20)
[error] 
[error] Error: An unexpected error has occurred.
[debug] [2026-08-15T17:33:13.416Z] Error: EPIPE: broken pipe, write
    at Socket._write (node:internal/net:63:18)
    at writeOrBuffer (node:internal/streams/writable:570:12)
    at _write (node:internal/streams/writable:499:10)
    at Writable.write (node:internal/streams/writable:508:10)
    at Console.log (C:\Users\Administrator\AppData\Local\npm-cache\_npx\ba4f1959e38407b5\node_modules\winston\lib\winston\transports\console.js:87:23)
    at Console._write (C:\Users\Administrator\AppData\Local\npm-cache\_npx\ba4f1959e38407b5\node_modules\winston-transport\modern.js:103:17)
    at doWrite (C:\Users\Administrator\AppData\Local\npm-cache\_npx\ba4f1959e38407b5\node_modules\winston-transport\node_modules\readable-stream\lib\_stream_writable.js:390:139)
    at writeOrBuffer (C:\Users\Administrator\AppData\Local\npm-cache\_npx\ba4f1959e38407b5\node_modules\winston-transport\node_modules\readable-stream\lib\_stream_writable.js:381:5)
    at Writable.write (C:\Users\Administrator\AppData\Local\npm-cache\_npx\ba4f1959e38407b5\node_modules\winston-transport\node_modules\readable-stream\lib\_stream_writable.js:302:11)
    at DerivedLogger.ondata (C:\Users\Administrator\AppData\Local\npm-cache\_npx\ba4f1959e38407b5\node_modules\winston\node_modules\readable-stream\lib\_stream_readable.js:629:20)
[error] 
[error] Error: An unexpected error has occurred.
[debug] [2026-08-15T17:33:13.417Z] Error: EPIPE: broken pipe, write
    at Socket._write (node:internal/net:63:18)
    at writeOrBuffer (node:internal/streams/writable:570:12)
    at _write (node:internal/streams/writable:499:10)
    at Writable.write (node:internal/streams/writable:508:10)
    at Console.log (C:\Users\Administrator\AppData\Local\npm-cache\_npx\ba4f1959e38407b5\node_modules\winston\lib\winston\transports\console.js:87:23)
    at Console._write (C:\Users\Administrator\AppData\Local\npm-cache\_npx\ba4f1959e38407b5\node_modules\winston-transport\modern.js:103:17)
    at doWrite (C:\Users\Administrator\AppData\Local\npm-cache\_npx\ba4f1959e38407b5\node_modules\winston-transport\node_modules\readable-stream\lib\_stream_writable.js:390:139)
    at writeOrBuffer (C:\Users\Administrator\AppData\Local\npm-cache\_npx\ba4f1959e38407b5\node_modules\winston-transport\node_modules\readable-stream\lib\_stream_writable.js:381:5)
    at Writable.write (C:\Users\Administrator\AppData\Local\npm-cache\_npx\ba4f1959e38407b5\node_modules\winston-transport\node_modules\readable-stream\lib\_stream_writable.js:302:11)
    at DerivedLogger.ondata (C:\Users\Administrator\AppData\Local\npm-cache\_npx\ba4f1959e38407b5\node_modules\winston\node_modules\readable-stream\lib\_stream_readable.js:629:20)
[error] 
[error] Error: An unexpected error has occurred.
[debug] [2026-08-15T17:33:13.417Z] Error: EPIPE: broken pipe, write
    at Socket._write (node:internal/net:63:18)
    at writeOrBuffer (node:internal/streams/writable:570:12)
    at _write (node:internal/streams/writable:499:10)
    at Writable.write (node:internal/streams/writable:508:10)
    at Console.log (C:\Users\Administrator\AppData\Local\npm-cache\_npx\ba4f1959e38407b5\node_modules\winston\lib\winston\transports\console.js:87:23)
    at Console._write (C:\Users\Administrator\AppData\Local\npm-cache\_npx\ba4f1959e38407b5\node_modules\winston-transport\modern.js:103:17)
    at doWrite (C:\Users\Administrator\AppData\Local\npm-cache\_npx\ba4f1959e38407b5\node_modules\winston-transport\node_modules\readable-stream\lib\_stream_writable.js:390:139)
    at writeOrBuffer (C:\Users\Administrator\AppData\Local\npm-cache\_npx\ba4f1959e38407b5\node_modules\winston-transport\node_modules\readable-stream\lib\_stream_writable.js:381:5)
    at Writable.write (C:\Users\Administrator\AppData\Local\npm-cache\_npx\ba4f1959e38407b5\node_modules\winston-transport\node_modules\readable-stream\lib\_stream_writable.js:302:11)
    at DerivedLogger.ondata (C:\Users\Administrator\AppData\Local\npm-cache\_npx\ba4f1959e38407b5\node_modules\winston\node_modules\readable-stream\lib\_stream_readable.js:629:20)
[error] 
[error] Error: An unexpected error has occurred.
[debug] [2026-08-15T17:33:13.418Z] Error: EPIPE: broken pipe, write
    at Socket._write (node:internal/net:63:18)
    at writeOrBuffer (node:internal/streams/writable:570:12)
    at _write (node:internal/streams/writable:499:10)
    at Writable.write (node:internal/streams/writable:508:10)
    at Console.log (C:\Users\Administrator\AppData\Local\npm-cache\_npx\ba4f1959e38407b5\node_modules\winston\lib\winston\transports\console.js:87:23)
    at Console._write (C:\Users\Administrator\AppData\Local\npm-cache\_npx\ba4f1959e38407b5\node_modules\winston-transport\modern.js:103:17)
    at doWrite (C:\Users\Administrator\AppData\Local\npm-cache\_npx\ba4f1959e38407b5\node_modules\winston-transport\node_modules\readable-stream\lib\_stream_writable.js:390:139)
    at writeOrBuffer (C:\Users\Administrator\AppData\Local\npm-cache\_npx\ba4f1959e38407b5\node_modules\winston-transport\node_modules\readable-stream\lib\_stream_writable.js:381:5)
    at Writable.write (C:\Users\Administrator\AppData\Local\npm-cache\_npx\ba4f1959e38407b5\node_modules\winston-transport\node_modules\readable-stream\lib\_stream_writable.js:302:11)
    at DerivedLogger.ondata (C:\Users\Administrator\AppData\Local\npm-cache\_npx\ba4f1959e38407b5\node_modules\winston\node_modules\readable-stream\lib\_stream_readable.js:629:20)
[error] 
[error] Error: An unexpected error has occurred.
[debug] [2026-08-15T17:33:13.418Z] Error: EPIPE: broken pipe, write
    at Socket._write (node:internal/net:63:18)
    at writeOrBuffer (node:internal/streams/writable:570:12)
    at _write (node:internal/streams/writable:499:10)
    at Writable.write (node:internal/streams/writable:508:10)
    at Console.log (C:\Users\Administrator\AppData\Local\npm-cache\_npx\ba4f1959e38407b5\node_modules\winston\lib\winston\transports\console.js:87:23)
    at Console._write (C:\Users\Administrator\AppData\Local\npm-cache\_npx\ba4f1959e38407b5\node_modules\winston-transport\modern.js:103:17)
    at doWrite (C:\Users\Administrator\AppData\Local\npm-cache\_npx\ba4f1959e38407b5\node_modules\winston-transport\node_modules\readable-stream\lib\_stream_writable.js:390:139)
    at writeOrBuffer (C:\Users\Administrator\AppData\Local\npm-cache\_npx\ba4f1959e38407b5\node_modules\winston-transport\node_modules\readable-stream\lib\_stream_writable.js:381:5)
    at Writable.write (C:\Users\Administrator\AppData\Local\npm-cache\_npx\ba4f1959e38407b5\node_modules\winston-transport\node_modules\readable-stream\lib\_stream_writable.js:302:11)
    at DerivedLogger.ondata (C:\Users\Administrator\AppData\Local\npm-cache\_npx\ba4f1959e38407b5\node_modules\winston\node_modules\readable-stream\lib\_stream_readable.js:629:20)
[error] 
[error] Error: An unexpected error has occurred.
[debug] [2026-08-15T17:33:13.420Z] Error: EPIPE: broken pipe, write
    at Socket._write (node:internal/net:63:18)
    at writeOrBuffer (node:internal/streams/writable:570:12)
    at _write (node:internal/streams/writable:499:10)
    at Writable.write (node:internal/streams/writable:508:10)
    at Console.log (C:\Users\Administrator\AppData\Local\npm-cache\_npx\ba4f1959e38407b5\node_modules\winston\lib\winston\transports\console.js:87:23)
    at Console._write (C:\Users\Administrator\AppData\Local\npm-cache\_npx\ba4f1959e38407b5\node_modules\winston-transport\modern.js:103:17)
    at doWrite (C:\Users\Administrator\AppData\Local\npm-cache\_npx\ba4f1959e38407b5\node_modules\winston-transport\node_modules\readable-stream\lib\_stream_writable.js:390:139)
    at writeOrBuffer (C:\Users\Administrator\AppData\Local\npm-cache\_npx\ba4f1959e38407b5\node_modules\winston-transport\node_modules\readable-stream\lib\_stream_writable.js:381:5)
    at Writable.write (C:\Users\Administrator\AppData\Local\npm-cache\_npx\ba4f1959e38407b5\node_modules\winston-transport\node_modules\readable-stream\lib\_stream_writable.js:302:11)
    at DerivedLogger.ondata (C:\Users\Administrator\AppData\Local\npm-cache\_npx\ba4f1959e38407b5\node_modules\winston\node_modules\readable-stream\lib\_stream_readable.js:629:20)
[error] 
[error] Error: An unexpected error has occurred.
[debug] [2026-08-15T17:33:13.421Z] Error: EPIPE: broken pipe, write
    at Socket._write (node:internal/net:63:18)
    at writeOrBuffer (node:internal/streams/writable:570:12)
    at _write (node:internal/streams/writable:499:10)
    at Writable.write (node:internal/streams/writable:508:10)
    at Console.log (C:\Users\Administrator\AppData\Local\npm-cache\_npx\ba4f1959e38407b5\node_modules\winston\lib\winston\transports\console.js:87:23)
    at Console._write (C:\Users\Administrator\AppData\Local\npm-cache\_npx\ba4f1959e38407b5\node_modules\winston-transport\modern.js:103:17)
    at doWrite (C:\Users\Administrator\AppData\Local\npm-cache\_npx\ba4f1959e38407b5\node_modules\winston-transport\node_modules\readable-stream\lib\_stream_writable.js:390:139)
    at writeOrBuffer (C:\Users\Administrator\AppData\Local\npm-cache\_npx\ba4f1959e38407b5\node_modules\winston-transport\node_modules\readable-stream\lib\_stream_writable.js:381:5)
    at Writable.write (C:\Users\Administrator\AppData\Local\npm-cache\_npx\ba4f1959e38407b5\node_modules\winston-transport\node_modules\readable-stream\lib\_stream_writable.js:302:11)
    at DerivedLogger.ondata (C:\Users\Administrator\AppData\Local\npm-cache\_npx\ba4f1959e38407b5\node_modules\winston\node_modules\readable-stream\lib\_stream_readable.js:629:20)
[error] 
